17278,ClC1C(Cl)c2c1c(ccc2C(=O)[O-])C(=O)[O-].Clc1nc(Cl)c(c(c1)c1ccc(c(c1)Cl)c1c(Cl)cnc(c1Cl)Cl)Cl.[O-]C(=O)c1cc(Cl)c(c2c1C(Cl)C2Cl)C(=O)[O-].[Zn][Zn] MOFid-v1.pcu.cat0;17278,Zn.LFQODCAOGBQMBM.QMPAPHVGDYSQQE.ZJEMFHVKUQKHFL.MOFkey-v1.pcu
17279,BrC1[C](Br)c2c1c(ccc2C(=O)[O-])C(=O)[O-].Brc1nc2c(nc1Br)C(C2(Br)Br)Br.[O-]C(=O)C1=C(Br)C(=C(C(=[C]1)Br)c1c(Br)c(Br)c(c(c1Br)Br)c1ccc(c(c1)Br)C(=O)[O-])Br.[Zn][Zn] MOFid-v1.pcu.cat0;17279,Zn.AVIIWLXYJPPRNV.LYQPNFSLEFZDIU.YFLUFWBWPYPZPX.MOFkey-v1.pcu
1728,FC1[CH]c2c1c(C(=O)[O-])c(cc2C(=O)[O-])F.[O-]C(=O)C(=C=c1ccc(=C=C(C(=O)[O-])F)c(c1)F)F.[O-]C(=O)c1ccc(c2c1[CH]C2(F)F)C(=O)[O-].[Zn][O]([Zn])([Zn])[Zn] MOFid-v1.pcu.cat2;1728,Zn.CWFGPWXIUTYRNM.FOLQTFXRLRMMEW.MROXKOKWUYVLPH.MOFkey-v1.pcu
17280,Brc1cc(ccc1c1ccc(c(c1)Br)c1c(Br)cc(c(c1Br)Br)C(=O)[O-])C(=O)[O-].Brc1cnccc1c1ccc(c(c1)Br)c1ccnc(c1Br)Br.[O-]C(=O)c1cc(Br)c(c2c1C(Br)C2(Br)Br)C(=O)[O-].[Zn][Zn] MOFid-v1.pcu.cat0;17280,Zn.GUWCESBTEYYMQM.HTURWYGLGVSHBG.QLZLKYILZQPSTC.MOFkey-v1.pcu
17281,Brc1cc(ccc1c1ccc(c(c1)Br)c1c(Br)cc(c(c1Br)Br)C(=O)[O-])C(=O)[O-].Brc1cnccc1c1ccc(c(c1)Br)c1ccnc(c1Br)Br.[O-]C(=O)c1cc(Br)c(c2c1C(Br)C2(Br)Br)C(=O)[O-].[Zn][Zn] MOFid-v1.pcu.cat1;17281,Zn.GUWCESBTEYYMQM.HTURWYGLGVSHBG.QLZLKYILZQPSTC.MOFkey-v1.pcu
17282,BrC1=CC(=[C]C=C1c1cc(Br)c(c(c1)Br)C1=CC=C([C]=C1Br)C(=O)[O-])C(=O)[O-].Brc1nc(Br)c(c(c1)c1cc(Br)c(c(c1Br)Br)c1ccnc(c1Br)Br)Br.[O-]C(=O)C1=[C]C=C(C(=C1)Br)c1c(Br)cc(cc1Br)c1cc(Br)c(cc1Br)C(=O)[O-].[Zn][Zn] MOFid-v1.pcu.cat0;17282,Zn.HYEZCQBGAYBDFZ.XAPBLHHXSRZSME.XUIZGUWHNMZPDM.MOFkey-v1.pcu
17283,BrC1=CC(=[C]C=C1c1cc(Br)c(c(c1)Br)C1=CC=C([C]=C1Br)C(=O)[O-])C(=O)[O-].Brc1nc(Br)c(c(c1)c1cc(Br)c(c(c1Br)Br)c1ccnc(c1Br)Br)Br.[O-]C(=O)C1=[C]C=C(C(=C1)Br)c1c(Br)cc(cc1Br)c1cc(Br)c(cc1Br)C(=O)[O-].[Zn][Zn] MOFid-v1.pcu.cat1;17283,Zn.HYEZCQBGAYBDFZ.XAPBLHHXSRZSME.XUIZGUWHNMZPDM.MOFkey-v1.pcu
17284,BrC1=CC(=[C]C=C1c1cc(Br)c(c(c1)Br)C1=CC=C([C]=C1Br)C(=O)[O-])C(=O)[O-].Brc1nc(Br)c(c(c1)C1=CC(=C([C]=C1Br)c1ccnc(c1Br)Br)Br)Br.[O-]C(=O)C1=[C]C=C(C(=C1)Br)c1c(Br)cc(cc1Br)C1=[C]C=C(C(=C1)Br)C(=O)[O-].[Zn][Zn] MOFid-v1.pcu.cat2;17284,Zn.AYCCRGIQWMAHTE.HYEZCQBGAYBDFZ.YSXFQSUDKCJCBG.MOFkey-v1.pcu
17285,BrC1c2nccnc2C1(Br)Br.[O-]C(=O)C1=[C]C(=C(C(=C1)Br)c1c(Br)cc(c(c1Br)Br)c1ccc(cc1Br)C(=O)[O-])Br.[O-]C(=O)C1=[C]C=C(C=C1)c1ccc(c(c1Br)Br)c1cc(Br)c(cc1Br)C(=O)[O-].[Zn][Zn] MOFid-v1.pcu.cat0;17285,Zn.CBVJATSRPCTBQZ.NQKZZOKFSXUBSQ.OCLDMLOOXRUFLH.MOFkey-v1.pcu
17286,BrC1=CC(=[C]C(=C1C1=[C]C=C(C(=C1Br)Br)c1ccc(cc1Br)C(=O)[O-])Br)C(=O)[O-].BrC1c2nccnc2C1(Br)Br.[O-]C(=O)C1=[C]C=C(C=C1)C1=C(Br)[C]=C(C=C1)c1cc(Br)c(cc1Br)C(=O)[O-].[Zn][Zn] MOFid-v1.pcu.cat1;17286,Zn.NQKZZOKFSXUBSQ.QKOPGXBAQGHQRN.WTTRRGPQSVHRSM.MOFkey-v1.pcu
17287,Cc1nccc(c1)c1c(C)cc(c(c1C)C)c1c(C)cnc(c1C)C.[O-]C(=O)c1ccc(c(c1)C)c1cc(C)c(c(c1C)C)c1c(C)cc(cc1C)C(=O)[O-].[O-]C(=O)c1ccc(cc1)c1cc(C)c(cc1C)c1c(C)cc(cc1C)C(=O)[O-].[Zn][Zn] MOFid-v1.pcu.cat0;17287,Zn.FHCZUUCJSZYHJP.IRTAPKOIXZVMHT.SFDFYRSXXJAMRW.MOFkey-v1.pcu
17288,Cc1nccc(c1)c1c(C)cc(c(c1C)C)c1c(C)cnc(c1C)C.[O-]C(=O)c1ccc(c(c1)C)c1cc(C)c(c(c1C)C)c1c(C)cc(cc1C)C(=O)[O-].[O-]C(=O)c1ccc(cc1)c1cc(C)c(cc1C)c1c(C)cc(cc1C)C(=O)[O-].[Zn][Zn] MOFid-v1.pcu.cat1;17288,Zn.FHCZUUCJSZYHJP.IRTAPKOIXZVMHT.SFDFYRSXXJAMRW.MOFkey-v1.pcu
17289,CC1C(C)c2c1nccn2.CC1[CH]c2c1c(C(=O)[O-])c(c(c2C(=O)[O-])C)C.[O-]C(=O)C1=[C]C(=C(C(=C1C)C)c1ccc(cc1C)c1cc(C)c(c(c1C)C)C(=O)[O-])C.[Zn][Zn] MOFid-v1.pcu.cat0;17289,Zn.MBSIDPXNTYQJNT.MJMQKWCYWLHBPK.ODJUJOUQUABJJC.MOFkey-v1.pcu
1729,ClC1C(Cl)c2c1c(ccc2C(=O)[O-])C(=O)[O-].ClC1Cc2c1c(ccc2C(=O)[O-])C(=O)[O-].[O-]C(=O)C#Cc1cc(Cl)c(c(c1)Cl)C#CC(=O)[O-].[Zn][O]([Zn])([Zn])[Zn] MOFid-v1.pcu.cat0;1729,Zn.FFAVWLRZNJOWAX.HBKMROOMLLWNRS.LFQODCAOGBQMBM.MOFkey-v1.pcu
17290,CC1Cc2c1c(cc(c2C(=O)[O-])C)C(=O)[O-].Cc1c(C)nccc1c1cc(C)c(c(c1C)C)c1c(C)cnc(c1C)C.Cc1cc(c(cc1c1ccc(c(c1)C)C(=O)[O-])C)c1cc(C)c(c(c1C)C)C(=O)[O-].[Zn][Zn] MOFid-v1.pcu.cat0;17290,Zn.IZCYNJJZGAJSEU.PZDIQSBQYZWTGV.UGOSSSLIEXSIFA.MOFkey-v1.pcu
17291,CC1C(C)c2c1c(C(=O)[O-])c(c(c2C(=O)[O-])C)C.Cc1cc(cc(c1C1=[C]C=NC=C1)C)c1ccnc(c1C)C.[O-]C(=O)c1ccc(cc1C)c1cc(C)c(c(c1)C)c1ccc(c(c1C)C)C(=O)[O-].[Zn][Zn] MOFid-v1.pcu.cat0;17291,Zn.DOFUSOMRYFXRCI.GMBAYJKKXDGCDG.MVCJNMPFRSVDFU.MOFkey-v1.pcu
17292,CC1=C(C(=[C]C(=C1)c1c(C)cc(c(c1C)C)C(=O)[O-])C)c1ccc(c(c1C)C)C(=O)[O-].CC1CC2=C1C(=[C]C(=C2C(=O)[O-])C)C(=O)[O-].Cc1ncc(c(c1)c1ccc(cc1C)c1c(C)c(C)nc(c1C)C)C.[Zn][Zn] MOFid-v1.pcu.cat0;17292,Zn.AOXPMAPZZDJXLR.NYRRSDIUDPBSHM.SHSPXMMFXFLORG.MOFkey-v1.pcu
17293,CCc1cc(ccc1c1ccc(c(c1)CC)C(=O)[O-])c1cc(CC)c(c(c1CC)CC)C(=O)[O-].[Zn][Zn] MOFid-v1.pcu,sql.cat0;17293,Zn.BFASEQIGHVZIBV.MOFkey-v1.pcu
17294,CCCC1(CCC)Cc2c1c(ccc2C(=O)[O-])C(=O)[O-].[Zn][Zn] MOFid-v1.pcu,sql.cat0;17294,Zn.BEPFNHJUQIIITA.MOFkey-v1.pcu
17295,Nc1nccc(c1)c1cc(N)c(cc1N)c1c(N)cnc(c1N)N.[O-]C(=O)c1cc(N)c(c2c1C(N)C2(N)N)C(=O)[O-].[O-]C(=O)c1ccc(cc1)c1c(N)c(N)c(c(c1N)N)c1cc(N)c(cc1N)C(=O)[O-].[Zn][Zn] MOFid-v1.pcu.cat0;17295,Zn.AUZNTAMZZRLPCT.VDKQXZQNUIXDGX.WGHBDPNZVKSEJU.MOFkey-v1.pcu
17296,NC1Cc2c1c(C(=O)[O-])c(c(c2C(=O)[O-])N)N.Nc1cc(cc(c1c1c(N)c(N)c(c(c1N)N)C(=O)[O-])N)c1ccc(c(c1)N)C(=O)[O-].Nc1ncc(c(c1)c1c(N)c(N)c(c(c1N)N)c1c(N)cncc1N)N.[Zn][Zn] MOFid-v1.pcu.cat0;17296,Zn.KVHYJMRIAWDWSM.RKOZGCWSOBSCHY.SXIJPDJBUNQTDM.MOFkey-v1.pcu
17297,NC1Cc2c1c(cc(c2C(=O)[O-])N)C(=O)[O-].Nc1c(N)c(ccc1c1cc(N)c(cc1N)C(=O)[O-])c1ccc(c(c1)N)C(=O)[O-].Nc1ncc(c(c1)c1ccc(cc1N)c1ccncc1N)N.[Zn][Zn] MOFid-v1.pcu.cat0;17297,Zn.ANWOBTKVGHHEGT.DLFPNQHTZWBKBA.NTDUYPFABQFODY.MOFkey-v1.pcu
17298,NC1C(N)c2c1nccn2.Nc1cc(ccc1c1cc(N)c(cc1N)c1ccc(c(c1N)N)C(=O)[O-])C(=O)[O-].[O-]C(=O)c1ccc(c(c1N)N)c1cc(N)c(cc1N)c1ccc(c(c1N)N)C(=O)[O-].[Zn][Zn] MOFid-v1.pcu.cat0;17298,Zn.FCMJVHAXELGXGH.VPNIXYWHOQYDKQ.WMCJIRUSEZVMHW.MOFkey-v1.pcu
17299,* MOFid-v1.NA.NAno_mof;17299,NA.MISSING_LINKERS.MOFkey-v1
173,CCc1c(CC)c(ccc1C(=O)[O-])c1cc(CC)c(c(c1CC)CC)C(=O)[O-].CCc1cc(C(=O)[O-])c(c(c1C(=O)[O-])CC)CC.[Zn][O]([Zn])([Zn])[Zn] MOFid-v1.pcu.cat0;173,Zn.FFFXGRHKPMJSST.VCVWZRJSIXQIEL.MOFkey-v1.pcu
1730,[O-]C(=O)C#Cc1ccc(c(c1)Cl)C#CC(=O)[O-].[O-]C(=O)c1cc(Cl)c(c2c1C(Cl)C2Cl)C(=O)[O-].[Zn][O]([Zn])([Zn])[Zn] MOFid-v1.pcu.cat0;1730,Zn.PDEPRDZEJZYBGS.ZJEMFHVKUQKHFL.MOFkey-v1.pcu
17300,* MOFid-v1.NA.NAno_mof;17300,NA.MISSING_LINKERS.MOFkey-v1
17301,OC1=N[C]2C(=N[CH]1)CC2(O)O.Oc1c(ccc(c1O)C(=O)[O-])c1cc(O)c(c(c1)O)c1ccc(c(c1O)O)C(=O)[O-].[O-]C(=O)c1cc(O)c(c2c1[CH]C2(O)O)C(=O)[O-].[Zn][Zn] MOFid-v1.pcu.cat0;17301,Zn.DHZJOKMQPLOHIF.NCDWPUGQZRZMLY.QATJHAKXATTXRV.MOFkey-v1.pcu
17302,Oc1nccc(c1)c1c(O)cc(c(c1O)O)C1=C(O)C=NC=[C]1.[O-]C(=O)C1=CC(=C(C=[C]1)c1ccc(cc1O)C1=C(O)C=C([C]=C1O)C(=O)[O-])O.[O-]C(=O)C1=[C]C=C(C2=C1C(O)C2(O)O)C(=O)[O-].[Zn][Zn] MOFid-v1.pcu.cat0;17302,Zn.KXRMNPTVIGKQFQ.NMIDGTIJQUMCOE.XODWOKLJHCOELL.MOFkey-v1.pcu
17303,OC1C(O)c2c1nccn2.Oc1cc(C(=O)[O-])c(cc1c1cc(O)c(cc1O)c1ccc(c(c1O)O)C(=O)[O-])O.[O-]C(=O)c1c(O)cc(c2c1CC2(O)O)C(=O)[O-].[Zn][Zn] MOFid-v1.pcu.cat0;17303,Zn.BOVVMXNJRXDMJC.FAUSDDQGRASHPV.TUVJRBXFRLPJBE.MOFkey-v1.pcu
17304,OC1C(O)c2c1nc(c(n2)O)O.Oc1cc(ccc1c1c(O)cc(c(c1O)O)C(=O)[O-])c1ccc(cc1)C(=O)[O-].[O-]C(=O)c1c(O)c(O)c(c2c1C(O)C2(O)O)C(=O)[O-].[Zn][Zn] MOFid-v1.pcu.cat0;17304,Zn.ATUNNTICTLTYJO.FULFJQASEAGTFH.VPJSPSAWKOHYQJ.MOFkey-v1.pcu
17305,Oc1c(cc(c(c1O)c1c(O)cc(cc1O)C(=O)[O-])O)c1ccc(c(c1)O)C(=O)[O-].Oc1cncc(c1c1cc(O)c(cc1O)c1c(O)cnc(c1O)O)O.[O-]C(=O)c1cc(O)c(c2c1CC2)C(=O)[O-].[Zn][Zn] MOFid-v1.pcu.cat0;17305,Zn.BDEIEOIIZLEVBJ.DWQNUYKLTMMFHX.VRXAKZWMBTYLCT.MOFkey-v1.pcu
17306,N#CC1Cc2c1c(ccc2C(=O)[O-])C(=O)[O-].N#Cc1c(C#N)c(ccc1c1c(C#N)c(C#N)nc(c1C#N)C#N)c1ccncc1C#N.N#Cc1cc(cc(c1c1ccc(cc1C#N)C(=O)[O-])C#N)c1ccc(c(c1)C#N)C(=O)[O-].[Zn][Zn] MOFid-v1.pcu.cat0;17306,Zn.KGBLHWATAGWTCA.RLDJATHZRQIJGU.SZXVQFFSTUWGKK.MOFkey-v1.pcu
17307,N#Cc1c(C#N)c(C(=O)[O-])c2c(c1C(=O)[O-])C(C2(C#N)C#N)C#N.N#Cc1cc(c(c(c1c1ccncc1)C#N)C#N)c1ccncc1C#N.N#Cc1cc(cc(c1c1cc(C#N)c(cc1C#N)C(=O)[O-])C#N)c1ccc(cc1)C(=O)[O-].[Zn][Zn] MOFid-v1.pcu.cat0;17307,Zn.FNWFQRZUBUYKRX.MVNYWFAAKAPFCM.VWUURRKOLUFZQG.MOFkey-v1.pcu
17308,COC1=N[CH]C(=C([CH]1)c1ccc(c(c1)OC)C1=C[CH]N=C([CH]1)OC)OC.COc1cc(cc(c1c1ccc(c(c1)OC)C(=O)[O-])OC)c1c([O])c(O)c(c(c1OC)O[CH2])C(=O)[O-].[CH2]OC1C(O)c2c1c(cc(c2C(=O)[O-])OC)C(=O)[O-].[Zn][Zn] MOFid-v1.pcu.cat0;17308,Zn.CKVDJSKTLOUGJV.JQNUPMHSTIFJPU.WRHIRYVQLDLQMD.MOFkey-v1.pcu
17309,CCOc1cc(c(cc1c1cc(OCC)c(c(c1)OCC)C(=O)[O-])OCC)c1c(OCC)c(OCC)c(c(c1OCC)OCC)C(=O)[O-].[C]1=CN=C2C(=N1)CC2.[Zn][Zn] MOFid-v1.sql.cat0;17309,Zn.BVNCNCYVBXAZJK.COMRDLIPAAENBP.MOFkey-v1.sql
1731,[O-]C(=O)C#Cc1cc(Cl)c(c(c1Cl)Cl)C#CC(=O)[O-].[O-]C(=O)C#Cc1ccc(c(c1)Cl)C#CC(=O)[O-].[O-]C(=O)c1c(Cl)c(Cl)c(c2c1CC2(Cl)Cl)C(=O)[O-].[Zn][O]([Zn])([Zn])[Zn] MOFid-v1.pcu.cat0;1731,Zn.HNWPXQKUPOHYHR.PDEPRDZEJZYBGS.WDHTZXOXHDOTQK.MOFkey-v1.pcu
17310,[O-]C(=O)c1ccc(c2c1CC2)C(=O)[O-].[Zn][Zn].c1cnc2c(n1)CC2 MOFid-v1.pcu.cat0;17310,Zn.SBIHZDUATVMCQW.SUWUPUWPGJRZAT.MOFkey-v1.pcu
17311,Fc1cnc2c(n1)C(C2F)F.[O-]C(=O)c1c(F)c(F)c(c2c1C(F)C2(F)F)C(=O)[O-].[Zn][Zn] MOFid-v1.pcu.cat0;17311,Zn.BLZJZRLWCFVREC.DIRFIQMOJWLUFQ.MOFkey-v1.pcu
17312,FC1Cc2c1c(cc(c2C(=O)[O-])F)C(=O)[O-].FC1Cc2c1c(ccc2C(=O)[O-])C(=O)[O-].Fc1cnc2c(n1)C(C2(F)F)(F)F.[Zn][Zn] MOFid-v1.pcu.cat0;17312,Zn.SNILWGOLBNGCMM.UKMXTXGNWDFWLZ.ZPTPBRDTIQQTRI.MOFkey-v1.pcu
17313,FC1C(F)c2c1nc(c(n2)F)F.[O-]C(=O)c1c(F)c(F)c(c2c1C(F)C2(F)F)C(=O)[O-].[O-]C(=O)c1ccc(c2c1CC2(F)F)C(=O)[O-].[Zn][Zn] MOFid-v1.pcu.cat0;17313,Zn.AHAJZMIVLNJMPF.DIRFIQMOJWLUFQ.YYTYNTVURIYJSJ.MOFkey-v1.pcu
17314,[O-]C(=O)c1c(Cl)cc(c2c1CC2(Cl)Cl)C(=O)[O-].[O-]C(=O)c1ccc(c2c1C(Cl)C2(Cl)Cl)C(=O)[O-].[Zn][Zn].c1cnc2c(n1)CC2 MOFid-v1.pcu.cat0;17314,Zn.MAOCARMNPXTXDI.SBIHZDUATVMCQW.VRRCFNBFMKIDNI.MOFkey-v1.pcu
17315,ClC1CC2=C1C(=[C]C(=C2C(=O)[O-])Cl)C(=O)[O-].ClC1Cc2c1c(ccc2C(=O)[O-])C(=O)[O-].Clc1cnc2c(n1)C(C2)Cl.[Zn][Zn] MOFid-v1.pcu.cat0;17315,Zn.HBKMROOMLLWNRS.NFFAUENFBXBEQO.ZSRIVJADALNXQR.MOFkey-v1.pcu
17316,ClC1Cc2c1c(C(=O)[O-])c(c(c2C(=O)[O-])Cl)Cl.ClC1Cc2c1c(cc(c2C(=O)[O-])Cl)C(=O)[O-].Clc1cnc2c(n1)C(C2Cl)Cl.[Zn][Zn] MOFid-v1.pcu.cat0;17316,Zn.JAMCJRQZETXULL.LPRPEUAKUVHXPC.NTOJGZFRPSQMOA.MOFkey-v1.pcu
17317,ClC1C(Cl)c2c1c(ccc2C(=O)[O-])C(=O)[O-].Clc1cnc2c(n1)C[CH]2.[O-]C(=O)c1c(Cl)cc(c2c1C(Cl)C2(Cl)Cl)C(=O)[O-].[Zn][Zn] MOFid-v1.pcu.cat0;17317,Zn.LFQODCAOGBQMBM.MVIORNKUUMSPMT.OBEZORBBQJDILE.MOFkey-v1.pcu
17318,BrC1Cc2c1c(ccc2C(=O)[O-])C(=O)[O-].BrC1[C](Br)c2c1c(C(=O)[O-])c(c(c2C(=O)[O-])Br)Br.Brc1cnc2c(n1)C(C2)Br.[Zn][Zn] MOFid-v1.pcu.cat0;17318,Zn.DMLUMGRBZUECLF.HYAMPXBFJRJIGF.RHGQNDYZNCTCQT.MOFkey-v1.pcu
17319,BrC1CC2=C(C(=O)[O-])C(=[C]C(=C12)C(=O)[O-])Br.BrC1Cc2c1nccn2.[O-]C(=O)c1cc(Br)c(c2c1CC2)C(=O)[O-].[Zn][Zn] MOFid-v1.pcu.cat0;17319,Zn.GEPBLZJZAUQNKU.JAZKLEAGPPYWEO.JOWTWWQSDRDPEL.MOFkey-v1.pcu
1732,[O-]C(=O)C#Cc1cc(Cl)c(c(c1Cl)Cl)C#CC(=O)[O-].[O-]C(=O)C#Cc1ccc(c(c1)Cl)C#CC(=O)[O-].[O-]C(=O)c1c(Cl)c(Cl)c(c2c1CC2(Cl)Cl)C(=O)[O-].[Zn][O]([Zn])([Zn])[Zn] MOFid-v1.pcu.cat1;1732,Zn.HNWPXQKUPOHYHR.PDEPRDZEJZYBGS.WDHTZXOXHDOTQK.MOFkey-v1.pcu
17320,CC1C(C)c2c1c(ccc2C(=O)[O-])C(=O)[O-].CC1Cc2c1c(ccc2C(=O)[O-])C(=O)[O-].CC1c2nccnc2C1(C)C.[Zn][Zn] MOFid-v1.pcu.cat0;17320,Zn.KBSVFLSRHLOJNH.QHMWZQLJPVJCSL.YCKKRJLJEUDPTQ.MOFkey-v1.pcu
17321,CC1[CH]c2c1nccn2.[O-]C(=O)c1ccc(c2c1C(C)C2(C)C)C(=O)[O-].[O-]C(=O)c1ccc(c2c1CC2(C)C)C(=O)[O-].[Zn][Zn] MOFid-v1.pcu.cat0;17321,Zn.CBFLVJSKEGUMKE.CZINXLCPMVUSEL.ORBVVLMCWIGMNK.MOFkey-v1.pcu
17322,CC1C(C)c2c1nccn2.CC1Cc2c1c(ccc2C(=O)[O-])C(=O)[O-].[O-]C(=O)c1c(C)cc(c2c1C(C)C2(C)C)C(=O)[O-].[Zn][Zn] MOFid-v1.pcu.cat0;17322,Zn.ICEWPPQOEGJJMG.ODJUJOUQUABJJC.YCKKRJLJEUDPTQ.MOFkey-v1.pcu
17323,CCC1C(CC)c2c1c(cc(c2C(=O)[O-])CC)C(=O)[O-].CCc1c(CC)c(C(=O)[O-])c2c(c1[C][O])CC2.[O].[Zn][Zn].c1cnc2c(n1)CC2 MOFid-v1.pcu.cat0;17323,Zn.CMVNPXRSHIFNPJ.FJTAGTNVHZWGEZ.SBIHZDUATVMCQW.MOFkey-v1.pcu
17324,* MOFid-v1.NA.NAno_mof;17324,NA.MISSING_LINKERS.MOFkey-v1
17325,CCC1Cc2c1c(ccc2C(=O)[O-])C(=O)[O-].CCC1c2c(ccc(c2C1(CC)CC)C(=O)[O-])C(=O)[O-].CCc1cnc2c(n1)CC2CC.[Zn][Zn] MOFid-v1.pcu.cat0;17325,Zn.AAUKCJHXVAFZFA.CLOQKVZVJPOHIJ.GKKIWDHEZDTMRR.MOFkey-v1.pcu
17326,CCCC1C(CCC)c2c1c(ccc2C(=O)[O-])C(=O)[O-].CCCc1cc(C(=O)[O-])c2c(c1C(=O)[O-])C(C2)(CCC)CCC.CCCc1cnc2c(n1)C(C2CCC)CCC.[Zn][Zn] MOFid-v1.pcu.cat0;17326,Zn.OAOWCTWENCKTIT.RYAOJXHNQNQFQX.SZWFRJVTIJDFLH.MOFkey-v1.pcu
17327,NC1C(N)c2c1c(ccc2C(=O)[O-])C(=O)[O-].NC1Cc2c1c(C(=O)[O-])c(cc2C(=O)[O-])N.Nc1cnc2c(n1)CC2N.[Zn][Zn] MOFid-v1.pcu.cat0;17327,Zn.QUIVMYKRSNYZIU.RIDDGQIIRJGQDP.VUDMBGWEFLLYCC.MOFkey-v1.pcu
17328,OC1=N[C]2C(=N[CH]1)C(C2(O)O)O.OC1C(O)c2c1c(C(=O)[O-])c(c(c2C(=O)[O-])O)O.[O-]C(=O)c1cc(O)c(c2c1C(O)C2(O)O)C(=O)[O-].[Zn][Zn] MOFid-v1.pcu.cat0;17328,Zn.MDSZXPKAGVNWRG.ORZOIGZUYALPGA.POZPEMVLAQTBRD.MOFkey-v1.pcu
17329,OC1=N[C]2C(=N[CH]1)[C](C2(O)O)O.OC1Cc2c1c(cc(c2C(=O)[O-])O)C(=O)[O-].[O-]C(=O)c1c(O)cc(c2c1[C](O)C2(O)O)C(=O)[O-].[Zn][Zn] MOFid-v1.pcu.cat0;17329,Zn.AGXZSOYYJFOGBD.DYGGXNCSGCDSRQ.UOJKUFBQFHLWMT.MOFkey-v1.pcu
1733,[O-]C(=O)C#Cc1cc(Cl)c(c(c1Cl)Cl)C#CC(=O)[O-].[O-]C(=O)C#Cc1ccc(c(c1)Cl)C#CC(=O)[O-].[O-]C(=O)c1c(Cl)c(Cl)c(c2c1CC2(Cl)Cl)C(=O)[O-].[Zn][O]([Zn])([Zn])[Zn] MOFid-v1.UNKNOWN.cat0;1733,Zn.BVBHYCHZYBILPK.WDHTZXOXHDOTQK.MOFkey-v1.UNKNOWN
17330,N#Cc1cc(C(=O)[O-])c2c(c1C(=O)[O-])C(C2(C#N)C#N)C#N.[Zn][Zn] MOFid-v1.ERROR,UNKNOWN.cat0;17330,Zn.GKNKCZVOFVGQPC.MOFkey-v1.ERROR
17331,* MOFid-v1.NA.NAno_mof;17331,NA.MISSING_LINKERS.MOFkey-v1
17332,N#CC1(C#N)Cc2c1c(ccc2C(=O)[O-])C(=O)[O-].N#CC1(C#N)c2nccnc2C1(C#N)C#N.[O-]C(=O)c1ccc(c2c1CC2)C(=O)[O-].[Zn][Zn] MOFid-v1.pcu.cat0;17332,Zn.FAFDIYJZDWTRHM.SUWUPUWPGJRZAT.XXZATUQUEDMLAC.MOFkey-v1.pcu
17333,N#Cc1c(C#N)c(C(=O)[O-])c2c(c1C(=O)[O-])C(C2(C#N)C#N)(C#N)C#N.N#Cc1nc2c(nc1[C][N][N][C]C1(C#N)c3c(C(=O)[O-])c(C#N)cc(c3C1(C#N)C#N)C(=O)[O-])C(C2(C#N)C#N)C#N.[Zn][Zn] MOFid-v1.sql,UNKNOWN.cat0;17333,Zn.OMPMQSXBAXNAPS.ZIZSMFRJQLZGAM.MOFkey-v1.sql
17334,N#CC1C(C#N)c2c1c(cc(c2C(=O)[O-])C#N)C(=O)[O-].N#CC1Cc2c1c(ccc2C(=O)[O-])C(=O)[O-].N#Cc1cnc2c(n1)CC2C#N.[Zn][Zn] MOFid-v1.pcu.cat0;17334,Zn.PWYCSRZNENXZLI.RLDJATHZRQIJGU.SUBWRAVEJGSLLH.MOFkey-v1.pcu
17335,CCOC1(OCC)Cc2c1c(ccc2C(=O)[O-])C(=O)[O-].CCOC1Cc2c1c(C(=O)[O-])c(cc2C(=O)[O-])OCC.CCOc1cnc2c(n1)C(C2OCC)OCC.[Zn][Zn] MOFid-v1.pcu.cat0;17335,Zn.HWJAYXKPJJYGDO.JLDTUTVRURLPKE.LKBZSNZNNJPKHY.MOFkey-v1.pcu
17336,CCOC1=N[C]2C(=N[CH]1)C(C2O[CH]C)(OCC)O[CH]C.CCOc1cc(C(=O)[O-])c2c(c1C(=O)[O-])C(C2)(OCC)OCC.O[C](c1ccc(c2c1CC2)C(=O)[O-])O.[Zn][Zn] MOFid-v1.pcu.cat0;17336,Zn.BFRBKTQPCCZWEK.FVPWROPUSCHGGY.ZKBNEFNMPKSIPH.MOFkey-v1.pcu
17337,CCOC1=N[C]2C(=N[CH]1)C(C2OC)OCC.CCOC1C(OCC)c2c1c(C(=O)[O-])c(c(c2C(=O)[O-])OCC)OCC.[O]C1Cc2c1c(ccc2C(=O)[O-])C(=O)[O-].[Zn][Zn] MOFid-v1.pcu.cat0;17337,Zn.BUTZKWQTUGVMBR.PRWFYJMIQQOJAK.ZYOQTFPNQSAQCB.MOFkey-v1.pcu
17338,[O-]C(=O)C#CC(=O)[O-].[O-]C(=O)c1ccc(cc1)C(=O)[O-].[Zn][Zn].n1ccncc1 MOFid-v1.pcu.cat0;17338,Zn.KKEYFWRCBNTPAC.KYQCOXFCLRTKLS.YTIVTFGABIZHHX.MOFkey-v1.pcu
17339,[O-]C(=O)C#CC(=O)[O-].[O-]C(=O)c1ccc(cc1)C(=O)[O-].[Zn][Zn].n1ccncc1 MOFid-v1.pcu.cat1;17339,Zn.KKEYFWRCBNTPAC.KYQCOXFCLRTKLS.YTIVTFGABIZHHX.MOFkey-v1.pcu
1734,Cl[C]1CC2=C([C]=C(C(=C12)C(=O)[O-])Cl)C(=O)[O-].[O-]C(=O)C#Cc1c(cc(c(c1Cl)Cl)C#CC(=O)[O-])[Cl][O]1[C]2C#Cc3c4cc(c(c3Cl)Cl)C#C[C]3O[Zn]56[O]78[Zn]91O[C](O5)C1=C5C[C](C5=C([C]5O[Zn]7(O2)O[C](O6)C#Cc2ccc(C#C[C](O9)[O]6[Zn]8(O5)[O]3[Cl]6C3=[C]C(=C5C(=C3C(=O)[O-])[C](C5)Cl)C(=O)[O-])c(Cl)c2)C(=[C]1)[Cl]1[O]2[C]3O[Zn]56[O]([Cl]4)[C]4C#Cc7c(Cl)cc(C#C[C]8[O]1[Zn]12[O]26[Zn]6(O4)O[C](O[Zn]2(O8)O[C](O5)C2=C4C[C](C4=C([C](O1)O6)C(=[C]2)Cl)Cl)C#Cc1ccc(C#C3)c(Cl)c1)c(c7Cl)Cl)Cl.[O-]C(=O)C#Cc1cc(Cl)c(c(c1Cl)Cl)C#CC(=O)[O-].[O-]C(=O)C#Cc1ccc(c(c1)Cl)C#CC(=O)[O-].[O-]C(=O)C#Cc1ccc(c(c1)Cl)C#CC(=O)[O-].[Cl].[Cl].[Cl].[Cl].[Zn][O]([Zn])([Zn])[Zn] MOFid-v1.UNKNOWN.cat0;1734,Zn.AWLVUKFFCNQCBE.MOFkey-v1.UNKNOWN
17340,Fc1ncc(nc1)F.[O-]C(=O)C#CC(=O)[O-].[O-]C(=O)c1ccc(c(c1F)F)C(=O)[O-].[Zn][Zn] MOFid-v1.pcu.cat0;17340,Zn.FXQMGPWUMNMGHH.HSASJEUDAQEILE.YTIVTFGABIZHHX.MOFkey-v1.pcu
17341,Fc1cnc(c(n1)F)F.[O-]C(=O)C#CC(=O)[O-].[O-]C(=O)c1ccc(c(c1)F)C(=O)[O-].[Zn][Zn] MOFid-v1.pcu.cat0;17341,Zn.USSVFPGZPWIWLZ.YTIVTFGABIZHHX.YUWKPDBHJFNMAD.MOFkey-v1.pcu
17342,Fc1cnc(c(n1)F)F.[O-]C(=O)C#CC(=O)[O-].[O-]C(=O)c1ccc(c(c1)F)C(=O)[O-].[Zn][Zn] MOFid-v1.pcu.cat0;17342,Zn.USSVFPGZPWIWLZ.YTIVTFGABIZHHX.YUWKPDBHJFNMAD.MOFkey-v1.pcu
17343,Fc1cnc(c(n1)F)F.[O-]C(=O)C#CC(=O)[O-].[O-]C(=O)c1ccc(c(c1)F)C(=O)[O-].[Zn][Zn] MOFid-v1.pcu.cat1;17343,Zn.USSVFPGZPWIWLZ.YTIVTFGABIZHHX.YUWKPDBHJFNMAD.MOFkey-v1.pcu
17344,Fc1cnccn1.[O-]C(=O)C#CC(=O)[O-].[O-]C(=O)c1ccc(c(c1)F)C(=O)[O-].[Zn][Zn] MOFid-v1.pcu.cat0;17344,Zn.IJUHIGIZXFLJOY.YTIVTFGABIZHHX.YUWKPDBHJFNMAD.MOFkey-v1.pcu
17345,Fc1cnccn1.[O-]C(=O)C#CC(=O)[O-].[O-]C(=O)c1ccc(c(c1)F)C(=O)[O-].[Zn][Zn] MOFid-v1.pcu.cat1;17345,Zn.IJUHIGIZXFLJOY.YTIVTFGABIZHHX.YUWKPDBHJFNMAD.MOFkey-v1.pcu
17346,Fc1cnccn1.[O-]C(=O)C#CC(=O)[O-].[O-]C(=O)c1ccc(c(c1)F)C(=O)[O-].[Zn][Zn] MOFid-v1.pcu.cat0;17346,Zn.IJUHIGIZXFLJOY.YTIVTFGABIZHHX.YUWKPDBHJFNMAD.MOFkey-v1.pcu
17347,Fc1cnccn1.[O-]C(=O)C#CC(=O)[O-].[O-]C(=O)c1ccc(c(c1)F)C(=O)[O-].[Zn][Zn] MOFid-v1.pcu.cat1;17347,Zn.IJUHIGIZXFLJOY.YTIVTFGABIZHHX.YUWKPDBHJFNMAD.MOFkey-v1.pcu
17348,Clc1cnc(c(n1)Cl)Cl.[O-]C(=O)C#CC(=O)[O-].[O-]C(=O)c1cc(Cl)c(cc1Cl)C(=O)[O-].[Zn][Zn] MOFid-v1.pcu.cat0;17348,Zn.LMOSYFZLPBHEOW.VDCVWLBXEWOGCO.YTIVTFGABIZHHX.MOFkey-v1.pcu
17349,Clc1cnc(c(n1)Cl)Cl.[O-]C(=O)C#CC(=O)[O-].[O-]C(=O)c1cc(Cl)c(cc1Cl)C(=O)[O-].[Zn][Zn] MOFid-v1.pcu.cat1;17349,Zn.LMOSYFZLPBHEOW.VDCVWLBXEWOGCO.YTIVTFGABIZHHX.MOFkey-v1.pcu
1735,[O-]C(=O)C#Cc1ccc(c(c1)Cl)C#CC(=O)[O-].[O-]C(=O)c1cc(Cl)c(c2c1C(Cl)C2(Cl)Cl)C(=O)[O-].[Zn][O]([Zn])([Zn])[Zn] MOFid-v1.pcu.cat0;1735,Zn.DAPLRLICIFIDQF.PDEPRDZEJZYBGS.MOFkey-v1.pcu
17350,Clc1cnc(c(n1)Cl)Cl.[O-]C(=O)C#CC(=O)[O-].[O-]C(=O)c1ccc(c(c1)Cl)C(=O)[O-].[Zn][Zn] MOFid-v1.pcu.cat0;17350,Zn.VDCVWLBXEWOGCO.YTIVTFGABIZHHX.ZPXGNBIFHQKREO.MOFkey-v1.pcu
17351,Clc1cnc(c(n1)Cl)Cl.[O-]C(=O)C#CC(=O)[O-].[O-]C(=O)c1ccc(c(c1)Cl)C(=O)[O-].[Zn][Zn] MOFid-v1.pcu.cat1;17351,Zn.VDCVWLBXEWOGCO.YTIVTFGABIZHHX.ZPXGNBIFHQKREO.MOFkey-v1.pcu
17352,Clc1cnccn1.[O-]C(=O)C#CC(=O)[O-].[O-]C(=O)c1ccc(c(c1Cl)Cl)C(=O)[O-].[Zn][Zn] MOFid-v1.pcu.cat0;17352,Zn.GELVZYOEQVJIRR.NAQNEMNLLODUCG.YTIVTFGABIZHHX.MOFkey-v1.pcu
17353,Clc1cnccn1.[O-]C(=O)C#CC(=O)[O-].[O-]C(=O)c1ccc(c(c1)Cl)C(=O)[O-].[Zn][Zn] MOFid-v1.pcu.cat0;17353,Zn.GELVZYOEQVJIRR.YTIVTFGABIZHHX.ZPXGNBIFHQKREO.MOFkey-v1.pcu
17354,Clc1cnc(c(n1)Cl)Cl.[O-]C(=O)C#CC(=O)[O-].[O-]C(=O)c1ccc(c(c1)Cl)C(=O)[O-].[Zn][Zn] MOFid-v1.pcu.cat0;17354,Zn.VDCVWLBXEWOGCO.YTIVTFGABIZHHX.ZPXGNBIFHQKREO.MOFkey-v1.pcu
17355,Brc1cnc(c(n1)Br)Br.[O-]C(=O)C#CC(=O)[O-].[O-]C(=O)c1ccc(c(c1)Br)C(=O)[O-].[Zn][Zn] MOFid-v1.pcu.cat0;17355,Zn.AFFKMXRQXKBNNL.QPBGNSFASPVGTP.YTIVTFGABIZHHX.MOFkey-v1.pcu
17356,Brc1nccnc1Br.[O-]C(=O)C#CC(=O)[O-].[O-]C(=O)c1ccc(c(c1)Br)C(=O)[O-].[Zn][Zn] MOFid-v1.pcu.cat0;17356,Zn.QPBGNSFASPVGTP.VLPBEKHOQWMYTR.YTIVTFGABIZHHX.MOFkey-v1.pcu
17357,Brc1nccnc1Br.[O-]C(=O)C#CC(=O)[O-].[O-]C(=O)c1ccc(c(c1)Br)C(=O)[O-].[Zn][Zn] MOFid-v1.pcu.cat1;17357,Zn.QPBGNSFASPVGTP.VLPBEKHOQWMYTR.YTIVTFGABIZHHX.MOFkey-v1.pcu
17358,Brc1cnc(c(n1)Br)Br.[O-]C(=O)C#CC(=O)[O-].[O-]C(=O)c1ccc(c(c1)Br)C(=O)[O-].[Zn][Zn] MOFid-v1.pcu.cat0;17358,Zn.AFFKMXRQXKBNNL.QPBGNSFASPVGTP.YTIVTFGABIZHHX.MOFkey-v1.pcu
17359,Brc1cnccn1.[O-]C(=O)c1cc(Br)c(c(c1Br)Br)C(=O)[O-].[O-]C(=O)c1ccc(c(c1Br)Br)C(=O)[O-].[Zn][Zn] MOFid-v1.pcu.cat0;17359,Zn.UNQWKAVGUZNMJZ.WGFCNCNTGOFBBF.XZUKXYZVKRJADC.MOFkey-v1.pcu
1736,[O-]C(=O)C#Cc1ccc(c(c1)Cl)C#CC(=O)[O-].[O-]C(=O)c1cc(Cl)c(c2c1C(Cl)C2(Cl)Cl)C(=O)[O-].[Zn][O]([Zn])([Zn])[Zn] MOFid-v1.pcu.cat1;1736,Zn.DAPLRLICIFIDQF.PDEPRDZEJZYBGS.MOFkey-v1.pcu
17360,BrC1[C]N=CC=N1.[O-]C(=O)C1=CC=C(C(=[C]1)Br)C(=O)[O-].[O-]C(=O)c1cc(Br)c(c(c1Br)Br)C(=O)[O-].[Zn][Zn] MOFid-v1.pcu.cat1;17360,Zn.AWQVNVBQQWYSDO.SYNYEGOBFJHIAZ.XZUKXYZVKRJADC.MOFkey-v1.pcu
17361,Brc1cnccn1.[O-]C(=O)C#CC(=O)[O-].[O-]C(=O)c1cc(Br)c(c(c1)Br)C(=O)[O-].[Zn][Zn] MOFid-v1.pcu.cat0;17361,Zn.JQJBHBWYLZTGAL.WGFCNCNTGOFBBF.YTIVTFGABIZHHX.MOFkey-v1.pcu
17362,[O-]C(=O)C#CC(=O)[O-].[O-]C(=O)c1ccc(c(c1)C)C(=O)[O-].[Zn][Zn].n1ccncc1 MOFid-v1.pcu.cat0;17362,Zn.KYQCOXFCLRTKLS.UFMBOFGKHIXOTA.YTIVTFGABIZHHX.MOFkey-v1.pcu
17363,N#N.[O-]C(=O)C1=[C]C(=C(C=C1)C(=O)[O-])C.[O-]C(=O)c1ccc(c(c1C)C)C(=O)[O-].[Zn][Zn] MOFid-v1.ERROR.cat0;17363,Zn.GMSOMVQESDYZNM.IJGRMHOSHXDMSA.RYRZSXJVEILFRR.MOFkey-v1.ERROR
17364,N#N.[O-]C(=O)C1=CC=C(C(=[C]1)C)C(=O)[O-].[O-]C(=O)C1=[C]C(=C(C=C1)C(=O)[O-])C.[O-]C(=O)c1ccc(c(c1C)C)C(=O)[O-].[Zn][Zn] MOFid-v1.ERROR.cat1;17364,Zn.GMSOMVQESDYZNM.IJGRMHOSHXDMSA.RYRZSXJVEILFRR.MOFkey-v1.ERROR
17365,Cc1cnc(c(n1)C)C.[O-]C(=O)C#CC(=O)[O-].[O-]C(=O)c1ccc(c(c1)C)C(=O)[O-].[Zn][Zn] MOFid-v1.pcu.cat0;17365,Zn.IAEGWXHKWJGQAZ.UFMBOFGKHIXOTA.YTIVTFGABIZHHX.MOFkey-v1.pcu
17366,Cc1cnc(c(n1)C)C.[O-]C(=O)C#CC(=O)[O-].[O-]C(=O)c1ccc(c(c1)C)C(=O)[O-].[Zn][Zn] MOFid-v1.pcu.cat1;17366,Zn.IAEGWXHKWJGQAZ.UFMBOFGKHIXOTA.YTIVTFGABIZHHX.MOFkey-v1.pcu
17367,Cc1cnccn1.[O-]C(=O)C#CC(=O)[O-].[O-]C(=O)c1cc(C)c(c(c1C)C)C(=O)[O-].[Zn][Zn] MOFid-v1.pcu.cat0;17367,Zn.CAWHJQAVHZEVTJ.NHSXODFQJIVWRJ.YTIVTFGABIZHHX.MOFkey-v1.pcu
17368,Cc1cnccn1.[O-]C(=O)C#CC(=O)[O-].[O-]C(=O)c1ccc(cc1)C(=O)[O-].[Zn][Zn] MOFid-v1.pcu.cat0;17368,Zn.CAWHJQAVHZEVTJ.KKEYFWRCBNTPAC.YTIVTFGABIZHHX.MOFkey-v1.pcu
17369,Cc1cnccn1.[O-]C(=O)C#CC(=O)[O-].[O-]C(=O)c1ccc(cc1)C(=O)[O-].[Zn][Zn] MOFid-v1.pcu.cat1;17369,Zn.CAWHJQAVHZEVTJ.KKEYFWRCBNTPAC.YTIVTFGABIZHHX.MOFkey-v1.pcu
1737,ClC1Cc2c1c(cc(c2C(=O)[O-])Cl)C(=O)[O-].[O-]C(=O)C#Cc1cc(Cl)c(cc1Cl)C#CC(=O)[O-].[O-]C(=O)c1cc(Cl)c(c2c1CC2(Cl)Cl)C(=O)[O-].[Zn][O]([Zn])([Zn])[Zn] MOFid-v1.pcu.cat0;1737,Zn.GWZPKFBVOWJKMY.HVXQHIKUUNATCE.NTOJGZFRPSQMOA.MOFkey-v1.pcu
17370,[O-]C(=O)C#CC(=O)[O-].[Zn][Zn].n1ccncc1 MOFid-v1.pcu.cat0;17370,Zn.KYQCOXFCLRTKLS.YTIVTFGABIZHHX.MOFkey-v1.pcu
17371,[O-]C(=O)C#CC(=O)[O-].[Zn][Zn].n1ccncc1 MOFid-v1.pcu.cat1;17371,Zn.KYQCOXFCLRTKLS.YTIVTFGABIZHHX.MOFkey-v1.pcu
17372,[O-]C(=O)C#CC(=O)[O-].[Zn][Zn].n1ccncc1 MOFid-v1.pcu.cat2;17372,Zn.KYQCOXFCLRTKLS.YTIVTFGABIZHHX.MOFkey-v1.pcu
17373,[O-]C(=O)C#CC(=O)[O-].[Zn][Zn] MOFid-v1.pcu.cat0;17373,Zn.YTIVTFGABIZHHX.MOFkey-v1.pcu
17374,[O-]C(=O)C#CC(=O)[O-].[Zn][Zn] MOFid-v1.pcu.cat0;17374,Zn.YTIVTFGABIZHHX.MOFkey-v1.pcu
17375,[O-]C(=O)C#CC(=O)[O-].[Zn][Zn] MOFid-v1.pcu.cat1;17375,Zn.YTIVTFGABIZHHX.MOFkey-v1.pcu
17376,N#N.[O-]C(=O)C#CC(=O)[O-].[Zn][Zn] MOFid-v1.ERROR.cat0;17376,Zn.IJGRMHOSHXDMSA.YTIVTFGABIZHHX.MOFkey-v1.ERROR
17377,N#N.[O-]C(=O)C#CC(=O)[O-].[Zn][Zn] MOFid-v1.ERROR.cat1;17377,Zn.IJGRMHOSHXDMSA.YTIVTFGABIZHHX.MOFkey-v1.ERROR
17378,N#N.[O-]C(=O)C#CC(=O)[O-].[Zn][Zn] MOFid-v1.ERROR.cat2;17378,Zn.IJGRMHOSHXDMSA.YTIVTFGABIZHHX.MOFkey-v1.ERROR
17379,CCc1cc(ccc1C(=O)[O-])C(=O)[O-].[O-]C(=O)C#CC(=O)[O-].CCc1cncc(n1)CC.[Zn][Zn] MOFid-v1.pcu.cat0;17379,Zn.NAUKGYJLYAEUBD.ZUCKMASJUAHMOR.MOFkey-v1.pcu
1738,[O-]C(=O)C#Cc1ccc(c(c1Br)Br)C#CC(=O)[O-].[O-]C(=O)c1c(Br)c(Br)c(c2c1CC2(Br)Br)C(=O)[O-].[O-]C(=O)c1c(Br)cc(c2c1C(Br)C2(Br)Br)C(=O)[O-].[Zn][O]([Zn])([Zn])[Zn] MOFid-v1.pcu.cat0;1738,Zn.CNZOTOWGKLFTGE.PLXVKRGBONBDCE.SAZJFDGFWIFGSF.MOFkey-v1.pcu
17380,CCCc1cc(cc(c1C(=O)[O-])CCC)C(=O)[O-].CCCc1cc(ccc1C(=O)[O-])C(=O)[O-].N#N.[Zn][Zn] MOFid-v1.ERROR.cat0;17380,Zn.IJGRMHOSHXDMSA.NAIGRTFQKPRBJX.UQGMWIYMSLUKBK.MOFkey-v1.ERROR
17381,CCCc1cncc(n1)CCC.[O-]C(=O)C#CC(=O)[O-].[O-]C(=O)c1ccc(cc1)C(=O)[O-].[Zn][Zn] MOFid-v1.pcu.cat0;17381,Zn.KKEYFWRCBNTPAC.SEPWSSBNWMHXDK.YTIVTFGABIZHHX.MOFkey-v1.pcu
17382,CCCc1c(ccc(c1CCC)C(=O)[O-])C(=O)[O-].CCCc1cnccn1.[O-]C(=O)C#CC(=O)[O-].[Zn][Zn] MOFid-v1.pcu.cat0;17382,Zn.DJLLTFRHLPVCEL.WWHYMNFSKLGSBP.YTIVTFGABIZHHX.MOFkey-v1.pcu
17383,CCCc1cc(C(=O)[O-])c(cc1C(=O)[O-])CCC.[O-]C(=O)C#CC(=O)[O-].CCCc1nccnc1CCC.[Zn][Zn] MOFid-v1.pcu.cat0;17383,Zn.KSUHQNCMJYBXCO.MBDNYBPLIVSPMV.MOFkey-v1.pcu
17384,[O-]C(=O)C#CC(=O)[O-].[O-]C(=O)C#CC(=O)[O-].CCCc1cnccn1.[Zn][Zn] MOFid-v1.pcu.cat0;17384,Zn.IHNFITSRAICGGF.YTIVTFGABIZHHX.MOFkey-v1.pcu
17385,Nc1cnc(c(n1)N)N.[O-]C(=O)C#CC(=O)[O-].[O-]C(=O)c1ccc(c(c1)N)C(=O)[O-].[Zn][Zn] MOFid-v1.pcu.cat0;17385,Zn.ALOJQGYOHJAGOO.GPNNOCMCNFXRAO.YTIVTFGABIZHHX.MOFkey-v1.pcu
17386,Nc1cnc(c(n1)N)N.[O-]C(=O)C#CC(=O)[O-].[O-]C(=O)c1ccc(c(c1)N)C(=O)[O-].[Zn][Zn] MOFid-v1.pcu.cat1;17386,Zn.ALOJQGYOHJAGOO.GPNNOCMCNFXRAO.YTIVTFGABIZHHX.MOFkey-v1.pcu
17387,Nc1cncc(n1)N.[O-]C(=O)C#CC(=O)[O-].[O-]C(=O)c1ccc(c(c1)N)C(=O)[O-].[Zn][Zn] MOFid-v1.pcu.cat0;17387,Zn.GPNNOCMCNFXRAO.GYRUCENCQMAGLO.YTIVTFGABIZHHX.MOFkey-v1.pcu
17388,Nc1cncc(n1)N.[O-]C(=O)C#CC(=O)[O-].[O-]C(=O)c1ccc(c(c1)N)C(=O)[O-].[Zn][Zn] MOFid-v1.pcu.cat1;17388,Zn.GPNNOCMCNFXRAO.GYRUCENCQMAGLO.YTIVTFGABIZHHX.MOFkey-v1.pcu
17389,Nc1cnccn1.[O-]C(=O)C1=C[C]=C(C=C1)C(=O)[O-].[O-]C(=O)c1cc(N)c(cc1N)C(=O)[O-].[Zn][Zn] MOFid-v1.pcu.cat0;17389,Zn.WIOZZYWDYUOMAY.XFTQRUTUGRCSGO.ZADCZYWRUSOQAZ.MOFkey-v1.pcu
1739,BrC1Cc2c1c(C(=O)[O-])c(c(c2C(=O)[O-])Br)Br.[O-]C(=O)C#Cc1ccc(c(c1)Br)C#CC(=O)[O-].[O-]C(=O)c1ccc(c2c1C(Br)C2(Br)Br)C(=O)[O-].[Zn][O]([Zn])([Zn])[Zn] MOFid-v1.pcu.cat0;1739,Zn.BVTCEKXZALNEMP.LJQFYKWNVUPHAI.YPFPEUTUVFPZRF.MOFkey-v1.pcu
17390,Nc1cnccn1.[O-]C(=O)C1=CC=C([C]=C1)C(=O)[O-].[O-]C(=O)C1=C[C]=C(C=C1)C(=O)[O-].[O-]C(=O)c1cc(N)c(cc1N)C(=O)[O-].[Zn][Zn] MOFid-v1.pcu.cat1;17390,Zn.WIOZZYWDYUOMAY.XFTQRUTUGRCSGO.ZADCZYWRUSOQAZ.MOFkey-v1.pcu
17391,Nc1cnc(c(n1)N)N.[O-]C(=O)C#CC(=O)[O-].[O-]C(=O)c1ccc(c(c1)N)C(=O)[O-].[Zn][Zn] MOFid-v1.pcu.cat0;17391,Zn.ALOJQGYOHJAGOO.GPNNOCMCNFXRAO.YTIVTFGABIZHHX.MOFkey-v1.pcu
17392,Nc1cnc(c(n1)N)N.[O-]C(=O)C#CC(=O)[O-].[O-]C(=O)c1ccc(c(c1)N)C(=O)[O-].[Zn][Zn] MOFid-v1.pcu.cat1;17392,Zn.ALOJQGYOHJAGOO.GPNNOCMCNFXRAO.YTIVTFGABIZHHX.MOFkey-v1.pcu
17393,Nc1cnc(c(n1)N)N.[O-]C(=O)C#CC(=O)[O-].[O-]C(=O)c1cc(N)c(cc1N)C(=O)[O-].[Zn][Zn] MOFid-v1.pcu.cat0;17393,Zn.ALOJQGYOHJAGOO.WIOZZYWDYUOMAY.YTIVTFGABIZHHX.MOFkey-v1.pcu
17394,Nc1cnc(c(n1)N)N.[O-]C(=O)C#CC(=O)[O-].[O-]C(=O)c1cc(N)c(cc1N)C(=O)[O-].[Zn][Zn] MOFid-v1.pcu.cat1;17394,Zn.ALOJQGYOHJAGOO.WIOZZYWDYUOMAY.YTIVTFGABIZHHX.MOFkey-v1.pcu
17395,* MOFid-v1.NA.NAno_mof;17395,NA.MISSING_LINKERS.MOFkey-v1
17396,* MOFid-v1.NA.NAno_mof;17396,NA.MISSING_LINKERS.MOFkey-v1
17397,* MOFid-v1.NA.NA;17397,
17398,[Zn][Zn].c1ccc(cc1)c1ncc(nc1)c1ccccc1.[O-]C(=O)c1ccc(cc1)C(=O)[O-].[O-]C(=O)C#CC(=O)[O-] MOFid-v1.pcu.cat0;17398,Zn.QDRQTUXPQQCVQG.MOFkey-v1.pcu
17399,N#N.[O-]C(=O)c1ccc(cc1)C(=O)[O-].[Zn][Zn] MOFid-v1.ERROR.cat0;17399,Zn.IJGRMHOSHXDMSA.KKEYFWRCBNTPAC.MOFkey-v1.ERROR
174,CCc1c(C(=O)[O-])c(CC)c(c(c1CC)C(=O)[O-])CC.CCc1cc(C(=O)[O-])c(cc1c1cc(CC)c(c(c1)CC)C(=O)[O-])CC.CCc1cc(ccc1C(=O)[O-])C(=O)[O-].[Zn][O]([Zn])([Zn])[Zn] MOFid-v1.pcu.cat0;174,Zn.NAUKGYJLYAEUBD.PCVGUTYSLMAWMN.WKADEZWVTPEOGY.MOFkey-v1.pcu
1740,[O-]C(=O)C#Cc1cc(Br)c(c(c1Br)Br)C#CC(=O)[O-].[O-]C(=O)c1cc(Br)c(c2c1CC2)C(=O)[O-].[O-]C(=O)c1ccc(c2c1C(C2(Br)Br)(Br)Br)C(=O)[O-].[Zn][O]([Zn])([Zn])[Zn] MOFid-v1.pcu.cat0;1740,Zn.GDNPCYPJWGKZDB.JOWTWWQSDRDPEL.UWLPJKZIUTYNFY.MOFkey-v1.pcu
17400,N#N.[O-]C(=O)c1ccc(cc1)C(=O)[O-].[Zn][Zn] MOFid-v1.ERROR.cat1;17400,Zn.IJGRMHOSHXDMSA.KKEYFWRCBNTPAC.MOFkey-v1.ERROR
17401,N#N.[O-]C(=O)c1ccc(cc1)C(=O)[O-].[Zn][Zn] MOFid-v1.ERROR.cat2;17401,Zn.IJGRMHOSHXDMSA.KKEYFWRCBNTPAC.MOFkey-v1.ERROR
17402,Oc1nccnc1O.[O-]C(=O)C#CC(=O)[O-].[O-]C(=O)c1cc(O)c(c(c1O)O)C(=O)[O-].[Zn][Zn] MOFid-v1.pcu.cat0;17402,Zn.CIGLZLCKRXOFQU.PVQMWZDAOPIATO.YTIVTFGABIZHHX.MOFkey-v1.pcu
17403,OC1=[N]=C(C(=N[CH]1)O)O.[O-]C(=O)C#CC(=O)[O-].[O-]C(=O)c1cc(O)c(cc1O)C(=O)[O-].[Zn][Zn] MOFid-v1.pcu.cat0;17403,Zn.GEJWYFZMHBHYBM.OYFRNYNHAZOYNF.YTIVTFGABIZHHX.MOFkey-v1.pcu
17404,OC1=[N]=C(C(=N[CH]1)O)O.[O-]C(=O)C#CC(=O)[O-].[O-]C(=O)c1cc(O)c(cc1O)C(=O)[O-].[Zn][Zn] MOFid-v1.pcu.cat1;17404,Zn.GEJWYFZMHBHYBM.OYFRNYNHAZOYNF.YTIVTFGABIZHHX.MOFkey-v1.pcu
17405,OC1=[N]=C(C(=N[CH]1)O)O.[O-]C(=O)c1ccc(c(c1O)O)C(=O)[O-].[O-]C(=O)c1ccc(cc1)C(=O)[O-].[Zn][Zn] MOFid-v1.pcu.cat0;17405,Zn.GEJWYFZMHBHYBM.KKEYFWRCBNTPAC.OHLSHRJUBRUKAN.MOFkey-v1.pcu
17406,OC1=[N]=C(C(=N[CH]1)O)O.[O-]C(=O)c1ccc(c(c1O)O)C(=O)[O-].[O-]C(=O)c1ccc(cc1)C(=O)[O-].[Zn][Zn] MOFid-v1.pcu.cat1;17406,Zn.GEJWYFZMHBHYBM.KKEYFWRCBNTPAC.OHLSHRJUBRUKAN.MOFkey-v1.pcu
17407,Oc1nccnc1O.[O-]C(=O)C#CC(=O)[O-].[O-]C(=O)c1cc(O)c(c(c1O)O)C(=O)[O-].[Zn][Zn] MOFid-v1.pcu.cat0;17407,Zn.CIGLZLCKRXOFQU.PVQMWZDAOPIATO.YTIVTFGABIZHHX.MOFkey-v1.pcu
17408,Oc1nccnc1O.[O-]C(=O)C#CC(=O)[O-].[Zn][Zn] MOFid-v1.pcu.cat0;17408,Zn.CIGLZLCKRXOFQU.YTIVTFGABIZHHX.MOFkey-v1.pcu
17409,Oc1nccnc1O.[O-]C(=O)C#CC(=O)[O-].[Zn][Zn] MOFid-v1.pcu.cat1;17409,Zn.CIGLZLCKRXOFQU.YTIVTFGABIZHHX.MOFkey-v1.pcu
1741,[O-]C(=O)C#Cc1ccc(cc1)C#CC(=O)[O-].[O-]C(=O)c1c(Br)c(Br)c(c2c1CC2(Br)Br)C(=O)[O-].[O-]C(=O)c1cc(Br)c(c2c1C(Br)C2Br)C(=O)[O-].[Zn][O]([Zn])([Zn])[Zn] MOFid-v1.pcu.cat0;1741,Zn.CNZOTOWGKLFTGE.IUCPZNVTXMASAX.LSJHPVONGZRSAP.MOFkey-v1.pcu
17410,N#Cc1cc(C(=O)[O-])c(c(c1C(=O)[O-])C#N)C#N.[O-]C(=O)C#CC(=O)[O-].[Zn][Zn].n1ccncc1 MOFid-v1.pcu.cat0;17410,Zn.KYQCOXFCLRTKLS.XJNKRXTZWVSYMS.YTIVTFGABIZHHX.MOFkey-v1.pcu
17411,N#Cc1cc(cc(c1C(=O)[O-])C#N)C(=O)[O-].[O-]C(=O)C#CC(=O)[O-].[Zn][Zn].c1nccnc1C#N MOFid-v1.pcu.cat0;17411,Zn.PMSVVUSIPKHUMT.TUIRJLRYCSVTBW.YTIVTFGABIZHHX.MOFkey-v1.pcu
17412,N#Cc1cc(cc(c1C(=O)[O-])C#N)C(=O)[O-].N#Cc1cnc(c(n1)C#N)C#N.[O-]C(=O)C#CC(=O)[O-].[Zn][Zn] MOFid-v1.pcu.cat0;17412,Zn.ALBXXUYMWJRKSP.TUIRJLRYCSVTBW.YTIVTFGABIZHHX.MOFkey-v1.pcu
17413,N#Cc1cc(cc(c1C(=O)[O-])C#N)C(=O)[O-].N#Cc1nccnc1C#N.[O-]C(=O)C#CC(=O)[O-].[Zn][Zn] MOFid-v1.pcu.cat0;17413,Zn.OTVZGAXESBAAQQ.TUIRJLRYCSVTBW.YTIVTFGABIZHHX.MOFkey-v1.pcu
17414,COC1=NC=C[N]C1=O.[Zn][Zn] MOFid-v1.pcu.cat0;17414,Zn.LYZSAICDIHZHLW.MOFkey-v1.pcu
17415,COC1=[N]=C(C(=N[CH]1)O[CH2])OC.COc1cc(cc(c1C(=O)[O-])OC)C(=O)O.[O-]C(=O)C#CC(=O)[O-].[Zn][Zn] MOFid-v1.pcu.cat0;17415,Zn.UVZYSCQDPPNJCT.XZZNMOQLQQVIFN.YTIVTFGABIZHHX.MOFkey-v1.pcu
17416,* MOFid-v1.NA.NAno_mof;17416,NA.MISSING_LINKERS.MOFkey-v1
17417,* MOFid-v1.NA.NAno_mof;17417,NA.MISSING_LINKERS.MOFkey-v1
17418,COc1cc(C(=O)[O-])c(c(c1C(=O)[O-])[O])OC.[CH3].COc1cnccn1.[O-]C(=O)C#CC(=O)[O-].[Zn][Zn] MOFid-v1.pcu.cat0;17418,Zn.JQKAFSLRXMXEAO.WKSXRWSOSLGSTN.YTIVTFGABIZHHX.MOFkey-v1.pcu
17419,CCOc1cc(C(=O)[O-])c(cc1C(=O)[O-])OCC.CCOc1cnccn1.[O-]C(=O)C#CC(=O)[O-].[Zn][Zn] MOFid-v1.pcu.cat0;17419,Zn.ATIUKJHILQVQLE.AUALOWFMOVEPSI.YTIVTFGABIZHHX.MOFkey-v1.pcu
1742,[O-]C(=O)C#Cc1ccc(cc1)C#CC(=O)[O-].[O-]C(=O)c1c(Br)c(Br)c(c2c1CC2(Br)Br)C(=O)[O-].[O-]C(=O)c1cc(Br)c(c2c1C(Br)C2Br)C(=O)[O-].[Zn][O]([Zn])([Zn])[Zn] MOFid-v1.pcu.cat1;1742,Zn.CNZOTOWGKLFTGE.IUCPZNVTXMASAX.LSJHPVONGZRSAP.MOFkey-v1.pcu
17420,CCOc1c(ccc(c1OCC)C(=O)[O-])C(=O)[O-].CCOc1cc(C(=O)[O-])c(cc1C(=O)[O-])OCC.N#N.[Zn][Zn] MOFid-v1.ERROR.cat0;17420,Zn.AUALOWFMOVEPSI.IJGRMHOSHXDMSA.TUFFJCVQESAFQX.MOFkey-v1.ERROR
17421,CCOC1=N[CH]C(=N[CH]1)OCC.CCOc1cc(ccc1C(=O)[O-])C(=O)[O-].[O-]C(=O)C#CC(=O)[O-].[Zn][Zn] MOFid-v1.pcu.cat0;17421,Zn.IWFVHBRPBOMFMG.SJDFMJZMQLIMDN.YTIVTFGABIZHHX.MOFkey-v1.pcu
17422,CCCOC1=[N]=C(C(=O)N=C1)OCCC.[Zn][Zn] MOFid-v1.pcu.cat0;17422,Zn.KVYFRGCDUKUHCL.MOFkey-v1.pcu
17423,CCCOC1=N[CH]C=N[CH]1.[O-]C(=O)C#CC(=O)[O-].[Zn][Zn] MOFid-v1.pcu.cat0;17423,Zn.GNMZGUJLGRPVMC.YTIVTFGABIZHHX.MOFkey-v1.pcu
17424,CC[CH]OC1=N[CH]C(=N[CH]1)O[CH]CC.[O-]C(=O)C#CC(=O)O.[Zn][Zn] MOFid-v1.pcu.cat0;17424,Zn.UOEBYZBUWGNXDB.YTIVTFGABIZHHX.MOFkey-v1.pcu
17425,CCCOC1=[N]=C(O[CH]CC)C(=[N]=C1O[CH]CC)OCCC.[O-]C(=O)C#CC(=O)O.[O-]C(=O)c1ccc(cc1OCCC)C(=O)O.[Zn][Zn] MOFid-v1.pcu.cat0;17425,Zn.DBRNLARWNQLCJO.QBZXMULQHGRHLS.YTIVTFGABIZHHX.MOFkey-v1.pcu
17426,CCCOC1=N[CH]C(=N[CH]1)OCCC.CCCOc1cc(C(=O)[O-])c(cc1C(=O)[O-])OCCC.[O-]C(=O)C#CC(=O)[O-].[Zn][Zn] MOFid-v1.pcu.cat0;17426,Zn.KUDYECYGSBQOBN.PZYPRFXWTAKZNU.YTIVTFGABIZHHX.MOFkey-v1.pcu
17427,[O-]C(=O)C#CC(=O)[O-].[O-]C(=O)c1ccc(cc1)c1ccc(cc1)C(=O)[O-].[Zn][Zn].n1ccc(cc1)c1ccncc1 MOFid-v1.pcu.cat0;17427,Zn.MWVTWFVJZLCBMC.NEQFBGHQPUXOFH.YTIVTFGABIZHHX.MOFkey-v1.pcu
17428,[O-]C(=O)C#CC(=O)[O-].[O-]C(=O)c1ccc(cc1)c1ccc(cc1)C(=O)[O-].[Zn][Zn].n1ccc(cc1)c1ccncc1 MOFid-v1.pcu.cat1;17428,Zn.MWVTWFVJZLCBMC.NEQFBGHQPUXOFH.YTIVTFGABIZHHX.MOFkey-v1.pcu
17429,[O-]C(=O)C#CC(=O)[O-].[O-]C(=O)c1ccc(cc1)c1ccc(cc1)C(=O)[O-].[Zn][Zn].n1ccc(cc1)c1ccncc1 MOFid-v1.pcu.cat2;17429,Zn.MWVTWFVJZLCBMC.NEQFBGHQPUXOFH.YTIVTFGABIZHHX.MOFkey-v1.pcu
1743,BrC1Cc2c1c(C(=O)[O-])c(c(c2C(=O)[O-])Br)Br.[O-]C(=O)C#Cc1ccc(c(c1)Br)C#CC(=O)[O-].[Zn][O]([Zn])([Zn])[Zn] MOFid-v1.pcu.cat0;1743,Zn.BVTCEKXZALNEMP.YPFPEUTUVFPZRF.MOFkey-v1.pcu
17430,Fc1ncc(c(c1)c1ccnc(c1)F)F.[O-]C(=O)C#CC(=O)[O-].[O-]C(=O)c1ccc(cc1)c1ccc(cc1F)C(=O)[O-].[Zn][Zn] MOFid-v1.pcu.cat0;17430,Zn.ADQKZMLBWRRQPP.BUQRZVJBMSYTHL.YTIVTFGABIZHHX.MOFkey-v1.pcu
17431,Fc1ncc(c(c1)c1ccnc(c1)F)F.[O-]C(=O)C#CC(=O)[O-].[O-]C(=O)c1ccc(cc1)c1ccc(cc1F)C(=O)[O-].[Zn][Zn] MOFid-v1.pcu.cat1;17431,Zn.ADQKZMLBWRRQPP.BUQRZVJBMSYTHL.YTIVTFGABIZHHX.MOFkey-v1.pcu
17432,Fc1cc(cc(n1)F)c1cc(F)nc(c1)F.[O-]C(=O)C#CC(=O)[O-].[O-]C(=O)c1ccc(c(c1)F)c1cc(F)c(cc1F)C(=O)[O-].[Zn][Zn] MOFid-v1.pcu.cat0;17432,Zn.KFLHFDBEUFQPQF.TXGQXKQBYCYWPQ.YTIVTFGABIZHHX.MOFkey-v1.pcu
17433,Fc1cc(cc(n1)F)c1cc(F)nc(c1)F.[O-]C(=O)C#CC(=O)[O-].[O-]C(=O)c1ccc(c(c1)F)c1cc(F)c(cc1F)C(=O)[O-].[Zn][Zn] MOFid-v1.pcu.cat1;17433,Zn.KFLHFDBEUFQPQF.TXGQXKQBYCYWPQ.YTIVTFGABIZHHX.MOFkey-v1.pcu
17434,Fc1cc(C(=O)[O-])c(cc1c1ccc(c(c1)F)C(=O)[O-])F.Fc1nccc(c1)c1ccncc1.[O-]C(=O)C#CC(=O)[O-].[Zn][Zn] MOFid-v1.pcu.cat0;17434,Zn.MKFPRHAKYBHQEB.RDKKYUGOMBNWGM.YTIVTFGABIZHHX.MOFkey-v1.pcu
17435,Fc1cc(C(=O)[O-])c(cc1c1ccc(c(c1)F)C(=O)[O-])F.Fc1nccc(c1)c1ccncc1.[O-]C(=O)C#CC(=O)[O-].[Zn][Zn] MOFid-v1.pcu.cat1;17435,Zn.MKFPRHAKYBHQEB.RDKKYUGOMBNWGM.YTIVTFGABIZHHX.MOFkey-v1.pcu
17436,FC1=CC(=[C]C(=N1)F)C1=[C]C(=NC(=C1)F)F.[O-]C(=O)C#CC(=O)[O-].[O-]C(=O)C1=C[C]=C(C=C1)C1=CC(=C(C(=[C]1)F)C(=O)[O-])F.[Zn][Zn] MOFid-v1.pcu.cat0;17436,Zn.UZJZQJNNRDQLJL.YCRMJQSXRXNNSQ.YTIVTFGABIZHHX.MOFkey-v1.pcu
17437,FC1=CC(=[C]C(=N1)F)C1=[C]C(=NC(=C1)F)F.[O-]C(=O)C#CC(=O)[O-].[O-]C(=O)C1=C[C]=C(C=C1)C1=CC(=C(C(=[C]1)F)C(=O)[O-])F.[Zn][Zn] MOFid-v1.pcu.cat1;17437,Zn.UZJZQJNNRDQLJL.YCRMJQSXRXNNSQ.YTIVTFGABIZHHX.MOFkey-v1.pcu
17438,Fc1nccc(c1)c1c(F)cnc(c1F)F.[O-]C(=O)C#CC(=O)[O-].[O-]C(=O)c1ccc(cc1)c1ccc(c(c1)F)C(=O)[O-].[Zn][Zn] MOFid-v1.pcu.cat0;17438,Zn.PFIVGMOEZDVDNB.SSFBQFMLVDXIHE.YTIVTFGABIZHHX.MOFkey-v1.pcu
17439,Fc1nccc(c1)c1c(F)cnc(c1F)F.[O-]C(=O)C#CC(=O)[O-].[O-]C(=O)c1ccc(cc1)c1ccc(c(c1)F)C(=O)[O-].[Zn][Zn] MOFid-v1.pcu.cat1;17439,Zn.PFIVGMOEZDVDNB.SSFBQFMLVDXIHE.YTIVTFGABIZHHX.MOFkey-v1.pcu
1744,BrC1Cc2c1c(C(=O)[O-])c(c(c2C(=O)[O-])Br)Br.[O-]C(=O)C#Cc1ccc(c(c1)Br)C#CC(=O)[O-].[Zn][O]([Zn])([Zn])[Zn] MOFid-v1.pcu.cat1;1744,Zn.BVTCEKXZALNEMP.YPFPEUTUVFPZRF.MOFkey-v1.pcu
17440,ClC1=NC(=[C]C(=C1)C1=[C]C(=NC=C1Cl)Cl)Cl.[O-]C(=O)C#CC(=O)[O-].[O-]C(=O)C1=CC=C([C]=C1)c1ccc(cc1Cl)C(=O)[O-].[Zn][Zn] MOFid-v1.pcu.cat0;17440,Zn.IPPDUXNQZZHSTA.OHCGGXGKTCVFNN.YTIVTFGABIZHHX.MOFkey-v1.pcu
17441,ClC1=CC(=[C]C(=N1)Cl)C1=[C]C=NC=[C]1.[O-]C(=O)C#CC(=O)[O-].[O-]C(=O)c1ccc(cc1Cl)c1c(Cl)cc(c(c1Cl)Cl)C(=O)[O-].[Zn][Zn] MOFid-v1.pcu.cat0;17441,Zn.JRKCPGIMGUQIOQ.UMRHZRIJXVSZAW.YTIVTFGABIZHHX.MOFkey-v1.pcu
17442,ClC1=CC(=[C]C(=N1)Cl)c1ccncc1.[O-]C(=O)C#CC(=O)[O-].[O-]C(=O)C1=C(Cl)[C]=C(C=C1)C1=CC(=C(C=[C]1)C(=O)[O-])Cl.[Zn][Zn] MOFid-v1.pcu.cat0;17442,Zn.CLVHSIOPFVYIPK.PENWYMQEBPXPEH.YTIVTFGABIZHHX.MOFkey-v1.pcu
17443,N#N.[O-]C(=O)C#CC(=O)[O-].[O-]C(=O)C1=C[C]=C(C=C1)c1ccc(c(c1)Cl)C(=O)[O-].[Zn][Zn] MOFid-v1.ERROR.cat0;17443,Zn.IJGRMHOSHXDMSA.NJOBWMULYDLGNF.YTIVTFGABIZHHX.MOFkey-v1.ERROR
17444,N#N.[O-]C(=O)C#CC(=O)[O-].[O-]C(=O)C1=C[C]=C(C=C1)c1ccc(c(c1)Cl)C(=O)[O-].[Zn][Zn] MOFid-v1.ERROR.cat1;17444,Zn.IJGRMHOSHXDMSA.NJOBWMULYDLGNF.YTIVTFGABIZHHX.MOFkey-v1.ERROR
17445,ClOC(=O)C1=C[C]=C2[CH]C1OC(=O)C#CC(=O)Oc1cc(ccc1C(=O)[O-])C1=CC(C(=C[C]1)C(=O)OCl)OC(=O)C#CC(=O)Oc1cc(C3=CC(OC(=O)C#CC(=O)Oc4cc2ccc4C(=O)[O-])C(=C[C]3)C(=O)OCl)ccc1C(=O)[O-].[Cl].[Cl].[Cl].N#N.[Zn][Zn] MOFid-v1.UNKNOWN.cat0;17445,Zn.IJGRMHOSHXDMSA.PYYFVXRKBGEFPO.MOFkey-v1.UNKNOWN
17446,N#N.[O-]C(=O)C1=CC=C([C]=C1)c1ccc(cc1Cl)C(=O)[O-].[O-]C(=O)C1=[C][C]=C([C]=C1Cl)C1=[C]C(=C(C(=[C]1)Cl)C(=O)[O-])Cl.[Zn][Zn] MOFid-v1.ERROR.cat0;17446,Zn.IJGRMHOSHXDMSA.IPPDUXNQZZHSTA.KJHMSWWLOLNWPQ.MOFkey-v1.ERROR
17447,N#N.[O-]C(=O)C1=CC=C([C]=C1)c1ccc(cc1Cl)C(=O)[O-].[O-]C(=O)C1=[C][C]=C([C]=C1Cl)C1=[C]C(=C(C(=[C]1)Cl)C(=O)[O-])Cl.[Zn][Zn] MOFid-v1.ERROR.cat1;17447,Zn.IJGRMHOSHXDMSA.IPPDUXNQZZHSTA.KJHMSWWLOLNWPQ.MOFkey-v1.ERROR
17448,N#N.[O-]C(=O)C1=C(Cl)[C]=C([C]=[C]1)C1=[C]C(=C(C(=[C]1)Cl)C(=O)[O-])Cl.[O-]C(=O)C1=CC=C([C]=C1)c1ccc(cc1Cl)C(=O)[O-].[O-]C(=O)C1=C[C]=C(C=C1)c1ccc(cc1Cl)C(=O)[O-].[O-]C(=O)C1=[C][C]=C([C]=C1Cl)C1=[C]C(=C(C(=[C]1)Cl)C(=O)[O-])Cl.[Zn][Zn] MOFid-v1.ERROR.cat2;17448,Zn.IJGRMHOSHXDMSA.IPPDUXNQZZHSTA.KJHMSWWLOLNWPQ.MOFkey-v1.ERROR
17449,BrC1=NC=CC(=[C]1)C1=[C]C=NC(=C1Br)Br.[O-]C(=O)C#CC(=O)[O-].[O-]C(=O)C1=C[C]=C(C=C1)C1=[C]C(=C(C(=C1)Br)C(=O)[O-])Br.[Zn][Zn] MOFid-v1.pcu.cat0;17449,Zn.GCEGGHQEQMDKHL.IRNUQIRCFOKSFN.YTIVTFGABIZHHX.MOFkey-v1.pcu
1745,[O-]C(=O)C#Cc1cc(C)c(c(c1)C)C#CC(=O)[O-].[O-]C(=O)c1c(C)c(C)c(c2c1C(C2(C)C)(C)C)C(=O)[O-].[O-]C(=O)c1cc(C)c(c2c1C(C)C2C)C(=O)[O-].[Zn][O]([Zn])([Zn])[Zn] MOFid-v1.pcu.cat0;1745,Zn.KAZLGAWGSWKXEY.VHGPFUVPNCFSHO.ZKAUUQQRSFYZQY.MOFkey-v1.pcu
17450,BrC1=C(Br)C(=C([C]=C1C1=CC=C(C=[C]1)C(=O)[O-])Br)C(=O)[O-].N#N.[O-]C(=O)c1c(Br)cc(cc1Br)c1cc(Br)c(c(c1Br)Br)C(=O)[O-].[Zn][Zn] MOFid-v1.ERROR.cat0;17450,Zn.BBUYIMLEFUNFOF.BEKZPANOMQUMKM.IJGRMHOSHXDMSA.MOFkey-v1.ERROR
17451,N#N.[O-]C(=O)C1=CC=C([C]=C1)C1=[C]C(=C(C(=[C]1)Br)C(=O)[O-])Br.[Zn][Zn] MOFid-v1.ERROR.cat1;17451,Zn.BWRQVGZQNLGYHT.IJGRMHOSHXDMSA.MOFkey-v1.ERROR
17452,N#N.[O-]C(=O)C1=CC=C([C]=C1)C1=C[C]=C(C=C1)C(=O)[O-].[O-]C(=O)C1=[C]C(=C(C=[C]1)c1ccc(c(c1)Br)C(=O)[O-])Br.[Zn][Zn] MOFid-v1.ERROR.cat0;17452,Zn.BKVDMPMUFILCEU.IJGRMHOSHXDMSA.NBQIFBHFCQYQFA.MOFkey-v1.ERROR
17453,N#N.[O-]C(=O)C1=CC=C([C]=C1)C1=C[C]=C(C=C1)C(=O)[O-].[O-]C(=O)C1=[C]C(=C(C=[C]1)c1ccc(c(c1)Br)C(=O)[O-])Br.[Zn][Zn] MOFid-v1.ERROR.cat1;17453,Zn.BKVDMPMUFILCEU.IJGRMHOSHXDMSA.NBQIFBHFCQYQFA.MOFkey-v1.ERROR
17454,N#N.[Zn][Zn] MOFid-v1.ERROR.cat2;17454,Zn.IJGRMHOSHXDMSA.MOFkey-v1.ERROR
17455,BrC1=[C]C(=[C]C=N1)C1=[C]C(=NC(=C1)Br)Br.[O-]C(=O)C#CC(=O)[O-].[O-]C(=O)C1=C[C]=C(C=C1)c1ccc(c(c1)Br)C(=O)[O-].[Zn][Zn] MOFid-v1.pcu.cat0;17455,Zn.AXJZOLHPYPANGN.CKZIVFIKRXFANR.YTIVTFGABIZHHX.MOFkey-v1.pcu
17456,BrC1=[C]C(=[C]C=N1)C1=[C]C(=NC(=C1)Br)Br.[O-]C(=O)C#CC(=O)[O-].[O-]C(=O)C1=C[C]=C(C=C1)c1ccc(c(c1)Br)C(=O)[O-].[Zn][Zn] MOFid-v1.pcu.cat1;17456,Zn.AXJZOLHPYPANGN.CKZIVFIKRXFANR.YTIVTFGABIZHHX.MOFkey-v1.pcu
17457,BrC1=CC(=[C]C(=N1)Br)C1=[C]C=NC=C1Br.[O-]C(=O)C#CC(=O)[O-].[Zn][Zn] MOFid-v1.pcu.cat0;17457,Zn.KCCDAQJAFYRZTB.YTIVTFGABIZHHX.MOFkey-v1.pcu
17458,Cc1nccc(c1)c1ccncc1C.[O-]C(=O)C#CC(=O)[O-].[O-]C(=O)c1ccc(cc1)c1c(C)cc(cc1C)C(=O)[O-].[Zn][Zn] MOFid-v1.pcu.cat0;17458,Zn.PDPKSJBZEZDUTP.QLCSZVDDCZUGAS.YTIVTFGABIZHHX.MOFkey-v1.pcu
17459,Cc1nc(C)c(c(c1)c1ccnc(c1C)C)C.[O-]C(=O)C#CC(=O)[O-].[Zn][Zn] MOFid-v1.pcu.cat0;17459,Zn.LLWONSIPBKLLOU.YTIVTFGABIZHHX.MOFkey-v1.pcu
1746,CC1Cc2c1c(C(=O)[O-])c(cc2C(=O)[O-])C.[O-]C(=O)C#Cc1cc(C)c(c(c1)C)C#CC(=O)[O-].[O-]C(=O)C#Cc1cc(C)c(c(c1C)C)C#CC(=O)[O-].[Zn][O]([Zn])([Zn])[Zn] MOFid-v1.pcu.cat0;1746,Zn.BZQSVDQHQQELQO.JGINAKMXCLIOIP.VHGPFUVPNCFSHO.MOFkey-v1.pcu
17460,Cc1nc(C)cc(c1)c1c(C)cnc(c1C)C.[O-]C(=O)C#CC(=O)[O-].[O-]C(=O)c1c(C)cc(cc1C)c1c(C)c(C)c(c(c1C)C)C(=O)[O-].[Zn][Zn] MOFid-v1.pcu.cat0;17460,Zn.HSCXRFMTPLORIM.IBUWKLASDWIFPI.YTIVTFGABIZHHX.MOFkey-v1.pcu
17461,Cc1nc(C)cc(c1)c1ccncc1C.[O-]C(=O)C#CC(=O)[O-].[O-]C(=O)c1cc(C)c(cc1C)c1cc(C)c(cc1C)C(=O)[O-].[Zn][Zn] MOFid-v1.pcu.cat0;17461,Zn.LQGNWYOZAFHMGJ.MZOVJWIHUPYWNE.YTIVTFGABIZHHX.MOFkey-v1.pcu
17462,CCc1c(CC)c(ccc1C(=O)[O-])c1cc(CC)c(c(c1)CC)[C][O].[O].CCc1cc(ccc1C(=O)[O-])c1cc(CC)c(c(c1)CC)C(=O)[O-].N#N.[Zn][Zn] MOFid-v1.ERROR.cat0;17462,Zn.DMEHSGWPMJRDRY.IJGRMHOSHXDMSA.OVTWJOFGEDXTPZ.MOFkey-v1.ERROR
17463,CCc1c(CC)c(ccc1C(=O)[O-])c1cc(CC)c(c(c1)CC)C(=O)[O-].[O-]C(=O)C#CC(=O)[O-].CCc1nc(CC)c(c(c1)c1cc(CC)nc(c1CC)CC)CC.[Zn][Zn] MOFid-v1.pcu.cat0;17463,Zn.LKJMDQDFCAZCQV.PRXXODOQCVNQFH.MOFkey-v1.pcu
17464,[O-]C(=O)C#CC(=O)[O-].[Zn][Zn] MOFid-v1.pcu,sql.cat0;17464,Zn.YTIVTFGABIZHHX.MOFkey-v1.pcu
17465,CCCc1cnccc1c1ccncc1.[O-]C(=O)C#CC(=O)[O-].[Zn][Zn] MOFid-v1.pcu.cat0;17465,Zn.OGQLGBWPEZIDGE.YTIVTFGABIZHHX.MOFkey-v1.pcu
17466,[O-]C(=O)C#CC(=O)[O-].[Zn][Zn] MOFid-v1.pcu,sql.cat0;17466,Zn.YTIVTFGABIZHHX.MOFkey-v1.pcu
17467,[O-]C(=O)C#CC(=O)[O-].[Zn][Zn] MOFid-v1.pcu,sql.cat0;17467,Zn.YTIVTFGABIZHHX.MOFkey-v1.pcu
17468,[O-]C(=O)C#CC(=O)[O-].[Zn][Zn] MOFid-v1.pcu,sql.cat0;17468,Zn.YTIVTFGABIZHHX.MOFkey-v1.pcu
17469,Nc1nc(N)c2c(-c3c(N)c(N)nc(c3[NH2][NH2]2)N)c1.[O-]C(=O)C#CC(=O)[O-].[O-]C(=O)c1ccc(cc1N)c1ccc(c(c1)N)C(=O)[O-].[Zn][Zn] MOFid-v1.pcu.cat0;17469,Zn.JREMAHYYHWPPKC.YTIVTFGABIZHHX.YYHRJJWMKQMOFN.MOFkey-v1.pcu
1747,CC1Cc2c1c(C(=O)[O-])c(cc2C(=O)[O-])C.[O-]C(=O)C#Cc1cc(C)c(c(c1)C)C#CC(=O)[O-].[O-]C(=O)C#Cc1cc(C)c(c(c1C)C)C#CC(=O)[O-].[Zn][O]([Zn])([Zn])[Zn] MOFid-v1.pcu.cat1;1747,Zn.BZQSVDQHQQELQO.JGINAKMXCLIOIP.VHGPFUVPNCFSHO.MOFkey-v1.pcu
17470,Nc1nc(N)c2c(-c3c(N)c(N)nc(c3[NH2][NH2]2)N)c1.[O-]C(=O)C#CC(=O)[O-].[O-]C(=O)c1ccc(cc1N)c1ccc(c(c1)N)C(=O)[O-].[Zn][Zn] MOFid-v1.pcu.cat1;17470,Zn.JREMAHYYHWPPKC.YTIVTFGABIZHHX.YYHRJJWMKQMOFN.MOFkey-v1.pcu
17471,NC1=NC(=[C]C(=C1)c1ccnc(c1N)N)N.[O-]C(=O)C#CC(=O)[O-].[O-]C(=O)c1ccc(c(c1N)N)c1ccc(c(c1N)N)C(=O)[O-].[Zn][Zn] MOFid-v1.pcu.cat0;17471,Zn.DCWBLDYUCSIBCC.VCVFTPQPAQNVLV.YTIVTFGABIZHHX.MOFkey-v1.pcu
17472,NC1=[C]C(=[C]C=N1)c1c(N)cnc(c1N)N.[O-]C(=O)C#CC(=O)[O-].[O-]C(=O)c1ccc(c(c1)N)C1=C(N)C(=C(C(=[C]1)N)C(=O)[O-])N.[Zn][Zn] MOFid-v1.pcu.cat0;17472,Zn.UWASBDHEYRYUJV.YTIVTFGABIZHHX.ZQNQDOGZKMOINH.MOFkey-v1.pcu
17473,[O-]C(=O)C#CC(=O)[O-].[O-]C(=O)c1ccc2-c3ccc(c4c3C3=C[CH]C5C(C(=[CH])c2c1c1ccccc1)[CH]C(C3[CH]5)[CH]C1C4=CC=C[CH]1)C(=O)[O-].[Zn][Zn].c1ccc(cc1)c1cnccc1c1ccncc1 MOFid-v1.pcu.cat0;17473,Zn.BHGRHFGNKQDAPJ.SMWOWRNZHIAXST.YTIVTFGABIZHHX.MOFkey-v1.pcu
17474,* MOFid-v1.NA.NA;17474,
17475,* MOFid-v1.NA.NA;17475,
17476,* MOFid-v1.NA.NAno_mof;17476,NA.MISSING_LINKERS.MOFkey-v1
17477,N#N.[O-]C(=O)C1=C[C]=C(C=C1)C1=[C]C(=C(C(=C1)O)C(=O)[O-])O.[O-]C(=O)c1ccc(cc1O)c1cc(O)c(c(c1)O)C(=O)[O-].[Zn][Zn] MOFid-v1.ERROR.cat0;17477,Zn.ARMJCVHBUZZCJO.IJGRMHOSHXDMSA.NKXMJHILVFNCKO.MOFkey-v1.ERROR
17478,N#N.[O-]C(=O)C1=C[C]=C(C=C1)C1=[C]C(=C(C(=C1)O)C(=O)[O-])O.[O-]C(=O)c1ccc(cc1O)c1cc(O)c(c(c1)O)C(=O)[O-].[Zn][Zn] MOFid-v1.ERROR.cat1;17478,Zn.ARMJCVHBUZZCJO.IJGRMHOSHXDMSA.NKXMJHILVFNCKO.MOFkey-v1.ERROR
17479,N#N.[O-]C(=O)C1=C[C]=C(C=C1)C1=[C]C(=C(C(=C1)O)C(=O)[O-])O.[O-]C(=O)c1ccc(cc1O)c1cc(O)c(c(c1)O)C(=O)[O-].[Zn][Zn] MOFid-v1.ERROR.cat2;17479,Zn.ARMJCVHBUZZCJO.IJGRMHOSHXDMSA.NKXMJHILVFNCKO.MOFkey-v1.ERROR
1748,[O-]C(=O)C#Cc1cc(C)c(c(c1C)C)C#CC(=O)[O-].[O-]C(=O)c1c(C)cc(c2c1C(C)C2(C)C)C(=O)[O-].[O-]C(=O)c1cc(C)c(c2c1CC2(C)C)C(=O)[O-].[Zn][O]([Zn])([Zn])[Zn] MOFid-v1.pcu.cat0;1748,Zn.AZHJQEXBIQFLNU.BZQSVDQHQQELQO.ICEWPPQOEGJJMG.MOFkey-v1.pcu
17480,OC1=C([C]=CC(=C1)C(=O)[O-])C1=[C]C=C(C(=C1)O)C(=O)[O-].OC1=N[CH]C(=C([CH]1)C1=[C]C(=NC=C1O)O)O.[O-]C(=O)C#CC(=O)[O-].[Zn][Zn] MOFid-v1.pcu.cat0;17480,Zn.CTFVFYCNSPUHQI.YPVULQVTMNFKPP.YTIVTFGABIZHHX.MOFkey-v1.pcu
17481,N#N.[O-]C(=O)C#CC(=O)[O-].[O-]C(=O)c1ccc(cc1)c1c(O)cc(cc1O)C(=O)[O-].[Zn][Zn] MOFid-v1.ERROR.cat0;17481,Zn.IJGRMHOSHXDMSA.OMSMSOAMUCGTTH.YTIVTFGABIZHHX.MOFkey-v1.ERROR
17482,N#N.[O-]C(=O)C#CC(=O)[O-].[O-]C(=O)c1ccc(cc1)c1c(O)cc(cc1O)C(=O)[O-].[Zn][Zn] MOFid-v1.ERROR.cat1;17482,Zn.IJGRMHOSHXDMSA.OMSMSOAMUCGTTH.YTIVTFGABIZHHX.MOFkey-v1.ERROR
17483,N#Cc1cc(cc(c1c1ccc(c(c1)C#N)C(=O)[O-])C#N)C(=O)[O-].N#Cc1nc(C#N)cc(c1)c1c(C#N)cnc(c1C#N)C#N.[O-]C(=O)C#CC(=O)[O-].[Zn][Zn] MOFid-v1.pcu.cat0;17483,Zn.GJGKGWHJKPVGOA.USNYMILRJLIOSC.YTIVTFGABIZHHX.MOFkey-v1.pcu
17484,N#Cc1c(ccc(c1C#N)C(=O)[O-])c1ccc(c(c1C#N)C#N)C(=O)[O-].N#Cc1nc(C#N)cc(c1)c1ccnc(c1C#N)C#N.[O-]C(=O)C#CC(=O)[O-].[Zn][Zn] MOFid-v1.pcu.cat0;17484,Zn.DEGUGLCMBKHVPN.HGCWTAGPJZQKIX.YTIVTFGABIZHHX.MOFkey-v1.pcu
17485,N#Cc1c(ccc(c1C#N)C(=O)[O-])c1ccc(c(c1C#N)C#N)C(=O)[O-].N#Cc1nccc(c1)c1c(C#N)c(C#N)nc(c1C#N)C#N.[O-]C(=O)C#CC(=O)[O-].[Zn][Zn] MOFid-v1.pcu.cat0;17485,Zn.DEGUGLCMBKHVPN.YKZRNWYOOIGURH.YTIVTFGABIZHHX.MOFkey-v1.pcu
17486,N#Cc1c(cc(c(c1C#N)C(=O)[O-])C#N)c1ccc(c(c1)C#N)C(=O)[O-].N#Cc1cc2-c3ccc(cc3[C][N][N][C]c2cc1C(=O)[O-])C(=O)[O-].N#N.[Zn][Zn] MOFid-v1.ERROR.cat0;17486,Zn.AZYYLCJQPZTQHZ.CKMHTNLOMPGQEE.IJGRMHOSHXDMSA.MOFkey-v1.ERROR
17487,N#Cc1c(nccc1c1ccnc(c1C#N)C#N)C#N.N#Cc1cc(ccc1c1ccc(c(c1)C#N)C(=O)[O-])C(=O)[O-].[O-]C(=O)C#CC(=O)[O-].[Zn][Zn] MOFid-v1.pcu.cat0;17487,Zn.OWHWHCNLGUTUDF.QVGYAMXQHAIVGP.YTIVTFGABIZHHX.MOFkey-v1.pcu
17488,COc1c(ccc(c1OC)C(=O)O)c1ccc(cc1)C(=O)[O-].COc1cc(ccc1C(=O)[O-])c1ccc(cc1)C(=O)[O-].[CH2]OC1=[N]=C(OC)C(=C([CH]1)c1ccnc(c1)OC)OC.[Zn][Zn] MOFid-v1.pcu.cat0;17488,Zn.FSKNNZGXFKYTOP.HBWVFKDJVBCESZ.IWJCGBZKVSYMEK.MOFkey-v1.pcu
17489,COc1c(ccc(c1OC)C(=O)O)c1ccc(cc1)C(=O)[O-].COc1cc(ccc1C(=O)[O-])c1ccc(cc1)C(=O)[O-].[CH2]OC1=[N]=C(OC)C(=C([CH]1)c1ccnc(c1)OC)OC.[Zn][Zn] MOFid-v1.pcu.cat1;17489,Zn.FSKNNZGXFKYTOP.HBWVFKDJVBCESZ.IWJCGBZKVSYMEK.MOFkey-v1.pcu
1749,[O-]C(=O)C#Cc1cc(C)c(c(c1)C)C#CC(=O)[O-].[O-]C(=O)C#Cc1ccc(c(c1C)C)C#CC(=O)[O-].[O-]C(=O)c1cc(C)c(c2c1C(C)C2C)C(=O)[O-].[Zn][O]([Zn])([Zn])[Zn] MOFid-v1.pcu.cat0;1749,Zn.KAZLGAWGSWKXEY.VHGPFUVPNCFSHO.XWGYXCUGZBCDIB.MOFkey-v1.pcu
17490,* MOFid-v1.NA.NA;17490,
17491,* MOFid-v1.NA.NA;17491,
17492,* MOFid-v1.NA.NAno_mof;17492,NA.MISSING_LINKERS.MOFkey-v1
17493,CCOC1=[N]=C(OCC)C2=C([CH]1)C1=C(OCC)[CH]N=C([C]1OCO2)OCC.CCOc1cc(c(cc1C(=O)[O-])O[CH2])c1cc(OCC)c(c(c1O[CH2])OCC)C(=O)[O-].[O-]C(=O)C#CC(=O)[O-].[Zn][Zn] MOFid-v1.pcu.cat0;17493,Zn.JMVRUAJLMWNVRT.MXILZVZENAVSDU.YTIVTFGABIZHHX.MOFkey-v1.pcu
17494,CCOC1=[N]=C(OCC)C(=C([CH]1)c1c(OCC)cncc1OCC)OCC.CCOc1cc(c(cc1C(=O)[O-])O[CH2])c1cc(OCC)c(c(c1O[CH2])OCC)C(=O)[O-].[O-]C(=O)C#CC(=O)[O-].[Zn][Zn] MOFid-v1.pcu.cat0;17494,Zn.MXILZVZENAVSDU.VGQQJQGQTBTIPG.YTIVTFGABIZHHX.MOFkey-v1.pcu
17495,CCOc1cc(ccc1c1cc(OCC)c(cc1O[CH2])C(=O)[O-])C(=O)[O-].N#N.[O-]C(=O)C#CC(=O)[O-].[Zn][Zn] MOFid-v1.ERROR.cat0;17495,Zn.IJGRMHOSHXDMSA.YTIVTFGABIZHHX.ZAKYZJDCZMAWHE.MOFkey-v1.ERROR
17496,CCOC1=[N]=C(OCC)C(=C([CH]1)C1=C(O[CH2])C(=[N]=C([CH]1)OCC)OCC)O[CH2].[O-]C(=O)C#CC(=O)[O-].[Zn][Zn] MOFid-v1.pcu.cat0;17496,Zn.MNDXBTQUTGFWOZ.YTIVTFGABIZHHX.MOFkey-v1.pcu
17497,CCOc1cc(c2ccc(cc2O[CH2])C(=O)[O-])c(c(c1C(=O)[O-])OCC)OCC.CCOc1nccc(c1)c1ccncc1OCC.[O-]C(=O)C#CC(=O)[O-].[Zn][Zn] MOFid-v1.pcu.cat0;17497,Zn.ISYIBBFSFAXCNZ.XYIZNKJRFJOUPU.YTIVTFGABIZHHX.MOFkey-v1.pcu
17498,CCCOC1=C(C=[C]C(=C1)c1ccc(cc1OCC)C(=O)[O-])C(=O)[O-].[Zn][Zn] MOFid-v1.sql.cat0;17498,Zn.LUNWLNWMBRFWSJ.MOFkey-v1.sql
17499,* MOFid-v1.NA.NA;17499,
175,CCc1cc(cc(c1C(=O)[O-])CC)C(=O)[O-].CCc1cc(cc(c1C(=O)[O-])CC)c1cc(CC)c(c(c1CC)CC)C(=O)[O-].CCc1cc(ccc1C(=O)[O-])C(=O)[O-].[Zn][O]([Zn])([Zn])[Zn] MOFid-v1.pcu.cat0;175,Zn.NAUKGYJLYAEUBD.QDMRFIIQQYIFLQ.YSDZGSRLBLEZIL.MOFkey-v1.pcu
1750,[O-]C(=O)C#Cc1ccc(cc1)C#CC(=O)[O-].[O-]C(=O)c1cc(C)c(c2c1C(C)C2C)C(=O)[O-].[Zn][O]([Zn])([Zn])[Zn] MOFid-v1.pcu.cat0;1750,Zn.IUCPZNVTXMASAX.KAZLGAWGSWKXEY.MOFkey-v1.pcu
17500,* MOFid-v1.NA.NA;17500,
17501,CCCOc1cc(ccc1C(=O)O)c1ccc(cc1OCCC)C(=O)[O-].[O-]C(=O)C#CC(=O)[O-].CCCOC1=NC(=O)C(=C([CH]1)c1cc(OCCC)ncc1OCCC)OCCC.[Zn][Zn] MOFid-v1.pcu.cat0;17501,Zn.HYYSFNHHCHAZKR.PPCBSNIJHWRYDF.MOFkey-v1.pcu
17502,[O-]C(=O)C#CC(=O)[O-].[O-]C(=O)c1ccc(cc1)c1ccc(cc1)c1ccc(cc1)C(=O)[O-].[Zn][Zn].n1ccc(cc1)c1ccc(cc1)c1ccncc1 MOFid-v1.pcu.cat0;17502,Zn.FZTIWOBQQYPTCJ.MAWKLXRVKVOYLR.YTIVTFGABIZHHX.MOFkey-v1.pcu
17503,Fc1c(F)c(c(cc1c1cc(F)c(c(c1F)F)C(=O)[O-])F)c1c(F)cc(c(c1F)F)C(=O)[O-].Fc1cc(cc(c1c1ccc(c(c1)F)C(=O)[O-])F)c1ccc(cc1F)C(=O)[O-].N#N.[Zn][Zn] MOFid-v1.ERROR.cat0;17503,Zn.GLVCCZIHOMCUGZ.IJGRMHOSHXDMSA.KHSPTHADGWBXRL.MOFkey-v1.ERROR
17504,Fc1ncc(c(c1)c1cc(F)c(c(c1F)F)c1ccncc1)F.[O-]C(=O)C#CC(=O)[O-].[Zn][Zn] MOFid-v1.pcu.cat0;17504,Zn.QONVUGYDTUMZRA.YTIVTFGABIZHHX.MOFkey-v1.pcu
17505,Fc1ncc(c(c1)c1cc(F)c(c(c1F)F)c1ccncc1)F.[O-]C(=O)C#CC(=O)[O-].[Zn][Zn] MOFid-v1.pcu.cat1;17505,Zn.QONVUGYDTUMZRA.YTIVTFGABIZHHX.MOFkey-v1.pcu
17506,Fc1c(F)c(ccc1c1ccncc1F)c1ccncc1.Fc1cc(c(c(c1c1ccc(c(c1)F)C(=O)[O-])F)F)c1ccc(cc1F)C(=O)[O-].[O-]C(=O)C#CC(=O)[O-].[Zn][Zn] MOFid-v1.pcu.cat0;17506,Zn.IJDNXHXBWCCPII.PPHKWGINHADXBB.YTIVTFGABIZHHX.MOFkey-v1.pcu
17507,Fc1nccc(c1)c1cc(F)c(cc1F)c1cc(F)nc(c1F)F.[O-]C(=O)C#CC(=O)[O-].[Zn][Zn] MOFid-v1.pcu.cat0;17507,Zn.DJEAIBACHBDAEF.YTIVTFGABIZHHX.MOFkey-v1.pcu
17508,Fc1cc(ccc1c1ccc(cc1)C(=O)[O-])c1cc(F)c(c(c1F)F)C(=O)[O-].Fc1ncc(c(c1)c1c(F)cc(c(c1F)F)c1ccncc1F)F.[O-]C(=O)C#CC(=O)[O-].[Zn][Zn] MOFid-v1.pcu.cat0;17508,Zn.GAEGBULDBJLEPB.QSBXONRVGDXEJO.YTIVTFGABIZHHX.MOFkey-v1.pcu
17509,Fc1cc(ccc1c1ccc(cc1)C(=O)[O-])c1cc(F)c(c(c1F)F)C(=O)[O-].Fc1ncc(c(c1)c1c(F)cc(c(c1F)F)c1ccncc1F)F.[O-]C(=O)C#CC(=O)[O-].[Zn][Zn] MOFid-v1.pcu.cat1;17509,Zn.GAEGBULDBJLEPB.QSBXONRVGDXEJO.YTIVTFGABIZHHX.MOFkey-v1.pcu
1751,[O-]C(=O)C#Cc1ccc(cc1)C#CC(=O)[O-].[O-]C(=O)c1cc(C)c(c2c1C(C)C2C)C(=O)[O-].[Zn][O]([Zn])([Zn])[Zn] MOFid-v1.pcu.cat1;1751,Zn.IUCPZNVTXMASAX.KAZLGAWGSWKXEY.MOFkey-v1.pcu
17510,Clc1cc(ccc1c1cc(Cl)c(cc1Cl)c1ccc(c(c1Cl)Cl)C(=O)[O-])C(=O)[O-].Clc1nc(Cl)c(c(c1)c1cc(Cl)c(c(c1Cl)Cl)c1ccncc1)Cl.[O-]C(=O)C#CC(=O)[O-].[Zn][Zn] MOFid-v1.pcu.cat0;17510,Zn.JNPXTJCSUFSGOQ.YTIVTFGABIZHHX.ZUBKAJFRLHRHFP.MOFkey-v1.pcu
17511,Clc1nc(Cl)cc(c1)c1c(Cl)cc(c(c1Cl)Cl)c1ccncc1.[O-]C(=O)C#CC(=O)[O-].[O-]C(=O)c1cc(Cl)c(c(c1Cl)Cl)c1ccc(cc1)c1c(Cl)c(Cl)c(c(c1Cl)Cl)C(=O)[O-].[Zn][Zn] MOFid-v1.pcu.cat0;17511,Zn.FDVIUIALIVSALP.OJAAUUKWCNRAEO.YTIVTFGABIZHHX.MOFkey-v1.pcu
17512,Clc1c(cc(c(c1Cl)c1c(Cl)c(Cl)c(c(c1Cl)Cl)C(=O)[O-])Cl)c1ccc(cc1)C(=O)[O-].Clc1nccc(c1)c1cc(Cl)c(c(c1)Cl)c1c(Cl)cncc1Cl.[O-]C(=O)C#CC(=O)[O-].[Zn][Zn] MOFid-v1.pcu.cat0;17512,Zn.QNLWWHOZCGQFBH.YJCCRAFQDJTDFY.YTIVTFGABIZHHX.MOFkey-v1.pcu
17513,Clc1cc(c(cc1c1cc(Cl)c(cc1Cl)C(=O)[O-])Cl)c1c(Cl)cc(c(c1Cl)Cl)C(=O)[O-].Clc1cnccc1c1ccc(c(c1)Cl)c1c(Cl)cncc1Cl.[O-]C(=O)C#CC(=O)[O-].[Zn][Zn] MOFid-v1.pcu.cat0;17513,Zn.QIYJKGYOVKENLS.UMGPMLLTFDUZIB.YTIVTFGABIZHHX.MOFkey-v1.pcu
17514,Clc1nc(Cl)c(c(c1)c1ccc(c(c1Cl)Cl)c1ccncc1Cl)Cl.[O-]C(=O)C#CC(=O)[O-].[O-]C(=O)c1ccc(cc1)c1ccc(c(c1)Cl)c1ccc(cc1Cl)C(=O)[O-].[Zn][Zn] MOFid-v1.pcu.cat0;17514,Zn.KPEZBNQCYDWSHT.SNBLAOOKTJIJFW.YTIVTFGABIZHHX.MOFkey-v1.pcu
17515,Brc1c(ccc(c1Br)C(=O)[O-])c1ccc(c(c1)Br)c1ccc(c(c1Br)Br)C(=O)[O-].Brc1nccc(c1)c1cc(Br)c(cc1Br)c1c(Br)c(Br)nc(c1Br)Br.[O-]C(=O)C#CC(=O)[O-].[Zn][Zn] MOFid-v1.pcu.cat0;17515,Zn.KTTLGURFBUCUIW.YTIVTFGABIZHHX.ZFAGQONVWWCLDV.MOFkey-v1.pcu
17516,Brc1nccc(c1)[C]1C=C(Br)C(=CC1(Br)Br)c1c(Br)c(Br)nc(c1Br)Br.[O-]C(=O)C#CC(=O)[O-].[O-]C(=O)C1=C(Br)[C]=C(C=C1)c1ccc(c(c1)Br)c1ccc(c(c1Br)Br)C(=O)[O-].[Zn][Zn] MOFid-v1.pcu.cat1;17516,Zn.NMHKPJDFKNGSBM.UEMSHOVQENUSHH.YTIVTFGABIZHHX.MOFkey-v1.pcu
17517,Brc1cc(ccc1c1ccc(cc1)C(=O)[O-])c1ccc(cc1)C(=O)[O-].Brc1nccc(c1)c1cc(Br)c(cc1Br)c1cc(Br)nc(c1)Br.[O-]C(=O)C#CC(=O)[O-].[Zn][Zn] MOFid-v1.pcu.cat0;17517,Zn.LFCXNSPTCAIMTO.MGUWZQBVQACODB.YTIVTFGABIZHHX.MOFkey-v1.pcu
17518,Brc1c(ccc(c1Br)c1ccc(c(c1Br)Br)C(=O)[O-])c1ccc(c(c1)Br)C(=O)[O-].Brc1nccc(c1)c1ccc(c(c1)Br)c1c(Br)cncc1Br.[O-]C(=O)C#CC(=O)[O-].[Zn][Zn] MOFid-v1.pcu.cat0;17518,Zn.IYDHUIMLMZDLKZ.MTHHJHUDDCZSPB.YTIVTFGABIZHHX.MOFkey-v1.pcu
17519,Brc1c(cc(c(c1Br)c1c(Br)cc(c(c1Br)Br)C(=O)[O-])Br)c1ccc(cc1)C(=O)[O-].Brc1ncc(c(c1)c1ccc(cc1Br)c1ccnc(c1Br)Br)Br.[O-]C(=O)C#CC(=O)[O-].[Zn][Zn] MOFid-v1.pcu.cat0;17519,Zn.CHPUMJFYEXDGRL.HKMLUYYPRVODSA.YTIVTFGABIZHHX.MOFkey-v1.pcu
1752,CCC1c2c(ccc(c2C1(CC)CC)C(=O)[O-])C(=O)[O-].CCc1cc(C#CC(=O)[O-])c(c(c1C#CC(=O)[O-])CC)CC.CCc1cc(C(=O)[O-])c2c(c1C(=O)[O-])C(C2(CC)CC)CC.[Zn][O]([Zn])([Zn])[Zn] MOFid-v1.pcu.cat0;1752,Zn.AUDLESJTPUYKFR.CLOQKVZVJPOHIJ.HMKLNZFILDVSCV.MOFkey-v1.pcu
17520,Brc1cc(cc(c1c1cc(Br)c(c(c1Br)Br)c1cc(Br)c(cc1Br)C(=O)[O-])Br)C(=O)[O-].N#N.[O-]C(=O)C#CC(=O)[O-].[Zn][Zn] MOFid-v1.ERROR.cat0;17520,Zn.IJGRMHOSHXDMSA.POCUEYBGFUVKKK.YTIVTFGABIZHHX.MOFkey-v1.ERROR
17521,N#N.[O-]C(=O)C#CC(=O)OBr.[O-]C(=O)c1cc(Br)c(c(c1)Br)C1=CC(=C([C]=C1Br)c1cc(Br)c(cc1Br)C(=O)[O-])Br.[Zn][Zn] MOFid-v1.ERROR.cat1;17521,Zn.IJGRMHOSHXDMSA.UAEBSCPDALTDBI.XYIZMYAALKUGKY.MOFkey-v1.ERROR
17522,CC1=[C]C(=CC=C1c1ccc(c(c1)C)C(=O)[O-])c1c(C)cc(c(c1C)C)C(=O)[O-].Cc1cnccc1c1ccc(c(c1)C)c1c(C)cnc(c1C)C.[O-]C(=O)C#CC(=O)[O-].[Zn][Zn] MOFid-v1.pcu.cat0;17522,Zn.MPEHFSCAMQFNHE.MTSLRSNZAJNZJU.YTIVTFGABIZHHX.MOFkey-v1.pcu
17523,Cc1cc(c(c(c1c1ccc(c(c1)C)C(=O)[O-])C)C)c1ccc(cc1C)C(=O)[O-].Cc1nc(C)c(c(c1)c1cc(C)c(cc1C)c1ccncc1C)C.[O-]C(=O)C#CC(=O)[O-].[Zn][Zn] MOFid-v1.pcu.cat0;17523,Zn.LNVYCAYJTGKHSA.VHQXMTASPHXQMM.YTIVTFGABIZHHX.MOFkey-v1.pcu
17524,CC1=[C]C(=C(C(=C1c1ccc(cc1)C(=O)[O-])C)C)c1cc(C)c(cc1C)C(=O)[O-].N#N.[O-]C(=O)C#CC(=O)[O-].[Zn][Zn] MOFid-v1.ERROR.cat0;17524,Zn.IJGRMHOSHXDMSA.LWRVHTJEIAKYGV.YTIVTFGABIZHHX.MOFkey-v1.ERROR
17525,Cc1cc(C(=O)[O-])c(c(c1c1ccc(cc1)c1ccc(cc1)C(=O)[O-])C)C.N#N.[O-]C(=O)C#CC(=O)[O-].[Zn][Zn] MOFid-v1.ERROR.cat0;17525,Zn.IJGRMHOSHXDMSA.YEUUQWNRUUDCFL.YTIVTFGABIZHHX.MOFkey-v1.ERROR
17526,Cc1cc(C(=O)[O-])c(c(c1c1ccc(cc1)c1ccc(cc1)C(=O)[O-])C)C.N#N.[O-]C(=O)C#CC(=O)[O-].[Zn][Zn] MOFid-v1.ERROR.cat1;17526,Zn.IJGRMHOSHXDMSA.YEUUQWNRUUDCFL.YTIVTFGABIZHHX.MOFkey-v1.ERROR
17527,Cc1cc(ccc1c1ccc(cc1C)c1c(C)cc(c(c1C)C)C(=O)[O-])C(=O)[O-].Cc1nccc(c1)c1c(C)cc(cc1C)c1ccnc(c1C)C.[O-]C(=O)C#CC(=O)[O-].[Zn][Zn] MOFid-v1.pcu.cat0;17527,Zn.RMVZRSKWVRYYJR.YLIXBCAEAKZDQW.YTIVTFGABIZHHX.MOFkey-v1.pcu
17528,CCc1cc(C(=O)[O-])c(cc1c1c(CC)cc(cc1CC)c1cc(CC)c(c(c1CC)CC)C(=O)[O-])CC.CCc1nccc(c1)c1c(CC)cc(cc1CC)c1cc(CC)nc(c1)CC.[O-]C(=O)C#CC(=O)[O-].[Zn][Zn] MOFid-v1.pcu.cat0;17528,Zn.IZKMIQNHVBTTEE.YTIVTFGABIZHHX.YYKPLBPLQAMFEQ.MOFkey-v1.pcu
17529,Nc1cc(cc(c1c1cc(N)c(cc1N)C(=O)[O-])N)c1c(N)cc(c(c1N)N)C(=O)[O-].Nc1nccc(c1)c1c(N)c(N)c(c(c1N)N)c1ccncc1.[O-]C(=O)C#CC(=O)[O-].[Zn][Zn] MOFid-v1.pcu.cat0;17529,Zn.KXSCKBKTIVAHIM.MQPSYXMNDDLNRF.YTIVTFGABIZHHX.MOFkey-v1.pcu
1753,CCC1(CC)Cc2c1c(ccc2C(=O)[O-])C(=O)[O-].CCC1Cc2c1c(ccc2C(=O)[O-])C(=O)[O-].[O-]C(=O)C#Cc1ccc(cc1)C#CC(=O)[O-].[Zn][O]([Zn])([Zn])[Zn] MOFid-v1.pcu.cat0;1753,Zn.GKKIWDHEZDTMRR.IUCPZNVTXMASAX.OHEDGWPEDGDBJF.MOFkey-v1.pcu
17530,Nc1cc(ccc1c1ccc(c(c1)N)C(=O)[O-])c1c(N)cc(c(c1N)N)C(=O)[O-].Nc1ncc(c(c1)c1c(N)cc(c(c1N)N)c1c(N)cncc1N)N.[O-]C(=O)C#CC(=O)[O-].[Zn][Zn] MOFid-v1.pcu.cat0;17530,Zn.COTCYXBIHXLTKJ.RGOVVNDDOWNLJU.YTIVTFGABIZHHX.MOFkey-v1.pcu
17531,N#N.Nc1c(N)c(c(c(c1c1ccc(cc1N)C(=O)[O-])N)N)c1ccc(cc1N)C(=O)[O-].Nc1c(ccc(c1N)c1c(N)cc(c(c1N)N)C(=O)[O-])c1ccc(c(c1N)N)C(=O)[O-].[Zn][Zn] MOFid-v1.ERROR.cat0;17531,Zn.IJGRMHOSHXDMSA.QSUDTLCOSGOCJS.WZTFZSXMSDRTCT.MOFkey-v1.ERROR
17532,Nc1nccc(c1)c1c(N)cc(cc1N)c1ccnc(c1N)N.[O-]C(=O)C#CC(=O)[O-].[O-]C(=O)c1ccc(cc1N)c1cc(N)c(c(c1)N)c1ccc(c(c1N)N)C(=O)[O-].[Zn][Zn] MOFid-v1.pcu.cat0;17532,Zn.KZSHQIVDOGABIN.YKBWVTXRIVOCNS.YTIVTFGABIZHHX.MOFkey-v1.pcu
17533,Nc1cc(ccc1c1ccc(c(c1)N)c1cc(N)c(c(c1N)N)C(=O)[O-])C(=O)[O-].Nc1cc(ccc1c1ccncc1)c1ccnc(c1N)N.[O-]C(=O)C#CC(=O)[O-].[Zn][Zn] MOFid-v1.pcu.cat0;17533,Zn.OKTSZQSDVLXCDD.PLXOWWCDANSXNE.YTIVTFGABIZHHX.MOFkey-v1.pcu
17534,C1=CC=C([C]=C1)c1cncc(c1C1=CC2C(=CC1)[C]1C=CN=CC1C13[C]4C2(C=CC=C4)[C]1C=CC=C3)c1ccccc1.[O-]C(=O)C1=CCC(=C[C]1C1=CC=[C]C=C1)c1c(C2=[C]C=CC=C2)c(c2ccccc2)c(c(c1c1ccccc1)C1=CC=CC=[C]1)C1=CC(=C([CH]C1)C(=O)[O-])C1=CC=[C]C=C1.[Zn][Zn] MOFid-v1.sql.cat0;17534,Zn.JURDHFGTMIDSPD.SPAZVPSPXXEIDG.MOFkey-v1.sql
17535,* MOFid-v1.NA.NA;17535,
17536,OC1=[N]=C(O)[C](C(=C1)c1ccc(c(c1)O)C1=CC(=[N]=C([CH]1)O)O)O.[O-]C(=O)C#CC(=O)[O-].[Zn][Zn] MOFid-v1.pcu.cat0;17536,Zn.RLLOSHALVCDHCT.YTIVTFGABIZHHX.MOFkey-v1.pcu
17537,OC1=[N]=C(O)[C](C(=C1)c1c(O)cc(c(c1O)O)c1ccncc1O)O.Oc1c(ccc(c1O)c1ccc(c(c1O)O)C(=O)[O-])c1ccc(c(c1)O)C(=O)[O-].[O-]C(=O)C#CC(=O)[O-].[Zn][Zn] MOFid-v1.pcu.cat0;17537,Zn.SJYIZWYYEIDGBP.SSOWIFPALGXIKQ.YTIVTFGABIZHHX.MOFkey-v1.pcu
17538,OC1=[N]=C(O)[C](C(=C1)c1c(O)cc(c(c1O)O)c1ccncc1O)O.Oc1c(ccc(c1O)c1ccc(c(c1O)O)C(=O)[O-])c1ccc(c(c1)O)C(=O)[O-].[O-]C(=O)C#CC(=O)[O-].[Zn][Zn] MOFid-v1.pcu.cat1;17538,Zn.SJYIZWYYEIDGBP.SSOWIFPALGXIKQ.YTIVTFGABIZHHX.MOFkey-v1.pcu
17539,OC1=[N]=C(O)[C](C(=C1)c1cc(O)c(cc1O)C1=C(O)C(=[N]=C([C]1O)O)O)O.Oc1c(cc(c(c1O)c1c(O)cc(c(c1O)O)C(=O)[O-])O)c1ccc(cc1)C(=O)[O-].[O-]C(=O)C#CC(=O)[O-].[Zn][Zn] MOFid-v1.pcu.cat0;17539,Zn.SNVFGIBHOZRPJX.YRBTYXWOZJMJEE.YTIVTFGABIZHHX.MOFkey-v1.pcu
1754,CCc1c(CC)c(C(=O)[O-])c2c(c1C(=O)[O-])C(C2)(CC)CC.CCc1cc(C#CC(=O)[O-])c(cc1C#CC(=O)[O-])CC.[O-]C(=O)c1ccc(c2c1CC2)C(=O)[O-].[Zn][O]([Zn])([Zn])[Zn] MOFid-v1.pcu.cat0;1754,Zn.SUWUPUWPGJRZAT.UUQRRGMWNHWZLN.XBWMBOUSPPHCKR.MOFkey-v1.pcu
17540,OC1=[N]=C(O)C(=C([C]1O)c1ccc(cc1O)c1ccncc1O)O.[O-]C(=O)C#CC(=O)[O-].[O-]C(=O)c1cc(O)c(cc1O)c1cc(O)c(cc1O)c1cc(O)c(cc1O)C(=O)[O-].[Zn][Zn] MOFid-v1.pcu.cat0;17540,Zn.JEBZMTARRPAHSG.PJOPWESXYAJSJN.YTIVTFGABIZHHX.MOFkey-v1.pcu
17541,N#N.Oc1c(ccc(c1O)c1c(O)cc(c(c1O)O)C(=O)[O-])c1ccc(c(c1O)O)C(=O)[O-].[O-]C(=O)c1ccc(cc1)c1ccc(c(c1O)O)c1ccc(c(c1O)O)C(=O)[O-].[Zn][Zn] MOFid-v1.ERROR.cat0;17541,Zn.HDDRURQMEWLYRC.IJGRMHOSHXDMSA.VSVKYJCZLIKPGY.MOFkey-v1.ERROR
17542,N#Cc1c(C#N)c(c(c(c1c1ccc(cc1C#N)C(=O)[O-])C#N)C#N)c1ccc(cc1C#N)C(=O)[O-].N#Cc1cc(c(cc1c1ccnc(c1C#N)C#N)C#N)c1ccnc(c1C#N)C#N.N#Cc1cc(ccc1c1c(C#N)c(C#N)c(c(c1C#N)C#N)C(=O)[O-])c1ccc(c(c1)C#N)C(=O)[O-].[Zn][Zn] MOFid-v1.pcu.cat0;17542,Zn.GTFQFZASDGJOSF.HDOXENOQHDJQII.KTEPQRFIHNOVPG.MOFkey-v1.pcu
17543,N#Cc1c(C#N)c(c(c(c1c1ccc(cc1C#N)C(=O)[O-])C#N)C#N)c1ccc(cc1C#N)C(=O)[O-].N#Cc1cc(c(cc1c1ccnc(c1C#N)C#N)C#N)c1ccnc(c1C#N)C#N.N#Cc1cc(ccc1c1c(C#N)c(C#N)c(c(c1C#N)C#N)C(=O)[O-])c1ccc(c(c1)C#N)C(=O)[O-].[Zn][Zn] MOFid-v1.pcu.cat1;17543,Zn.GTFQFZASDGJOSF.HDOXENOQHDJQII.KTEPQRFIHNOVPG.MOFkey-v1.pcu
17544,N#Cc1c(C#N)c(ccc1c1cc(ncc1C#N)C#N)c1cc(ncc1C#N)C#N.[O-]C(=O)C#CC(=O)[O-].[Zn][Zn] MOFid-v1.pcu.cat0;17544,Zn.KOOOEEGFSIULAY.YTIVTFGABIZHHX.MOFkey-v1.pcu
17545,N#Cc1c(cc(c(c1C#N)c1ccc(cc1C#N)C(=O)[O-])C#N)c1ccc(c(c1)C#N)C(=O)[O-].N#Cc1nc(C#N)cc(c1)c1cc(C#N)c(c(c1C#N)C#N)c1ccnc(c1C#N)C#N.[O-]C(=O)C#CC(=O)[O-].[Zn][Zn] MOFid-v1.pcu.cat0;17545,Zn.GIVRYPNXQRLSBO.XKFKLDCDEPMMTD.YTIVTFGABIZHHX.MOFkey-v1.pcu
17546,N#Cc1c(cc(c(c1C#N)c1c(C#N)c(C#N)c(c(c1C#N)C#N)C(=O)[O-])C#N)c1ccc(c(c1)C#N)C(=O)[O-].N#Cc1cc(cc(c1c1ccc(c(c1)C#N)c1cc(C#N)c(cc1C#N)C(=O)[O-])C#N)C(=O)[O-].N#Cc1cc(ccc1c1ccncc1C#N)c1ccnc(c1C#N)C#N.[Zn][Zn] MOFid-v1.pcu.cat0;17546,Zn.ADQCQTQIJOHGQC.FFOOFVJEGIXWPK.XPXHCQLJXKSWQC.MOFkey-v1.pcu
17547,N#Cc1c(cc(c(c1C#N)c1c(C#N)c(C#N)c(c(c1C#N)C#N)C(=O)[O-])C#N)c1ccc(c(c1)C#N)C(=O)[O-].N#Cc1cc(cc(c1c1ccc(c(c1)C#N)c1cc(C#N)c(cc1C#N)C(=O)[O-])C#N)C(=O)[O-].N#Cc1cc(ccc1c1ccncc1C#N)c1ccnc(c1C#N)C#N.[Zn][Zn] MOFid-v1.pcu.cat1;17547,Zn.ADQCQTQIJOHGQC.FFOOFVJEGIXWPK.XPXHCQLJXKSWQC.MOFkey-v1.pcu
17548,* MOFid-v1.NA.NA;17548,
17549,N#Cc1cc(c(cc1c1ccc(c(c1)C#N)C(=O)[O-])C#N)c1ccc(c(c1)C#N)C(=O)[O-].N#Cc1nc(C#N)cc(c1)c1ccc(cc1)c1ccncc1.[O-]C(=O)C#CC(=O)[O-].[Zn][Zn] MOFid-v1.pcu.cat0;17549,Zn.PMTCYGLQSUDNHI.RTDAIFUWSVCLBW.YTIVTFGABIZHHX.MOFkey-v1.pcu
1755,CCc1cc(C#CC(=O)[O-])ccc1C#CC(=O)[O-].CCc1cc(C(=O)[O-])c2c(c1C(=O)[O-])C(C2)(CC)CC.CCc1cc(C(=O)[O-])c2c(c1C(=O)[O-])CC2(CC)CC.[Zn][O]([Zn])([Zn])[Zn] MOFid-v1.pcu.cat0;1755,Zn.HEOCHTKQKWRORD.HMABKQOHFQHKTR.ODLPDUBPDMLCNK.MOFkey-v1.pcu
17550,N#Cc1cc(c(cc1c1ccc(c(c1)C#N)C(=O)[O-])C#N)c1ccc(c(c1)C#N)C(=O)[O-].N#Cc1nc(C#N)cc(c1)c1ccc(cc1)c1ccncc1.[O-]C(=O)C#CC(=O)[O-].[Zn][Zn] MOFid-v1.pcu.cat1;17550,Zn.PMTCYGLQSUDNHI.RTDAIFUWSVCLBW.YTIVTFGABIZHHX.MOFkey-v1.pcu
17551,CCOc1nccc(c1)c1ccc(c(c1)OCC)c1ccncc1OCC.[O-]C(=O)C#CC(=O)[O-].[Zn][Zn] MOFid-v1.pcu.cat0;17551,Zn.HVPXNONJTJPVEX.YTIVTFGABIZHHX.MOFkey-v1.pcu
17552,CCOC1=N[CH]C(=C([CH]1)c1ccc(cc1OCC)c1ccnc(c1)OCC)OCC.CCOc1cc(cc(c1c1cc(OCC)c(cc1OCC)C(=O)[O-])OCC)c1ccc(c(c1OCC)OCC)C(=O)[O-].[O-]C(=O)C#CC(=O)[O-].[Zn][Zn] MOFid-v1.pcu.cat0;17552,Zn.KNZREOVZLBPUSM.QWQZZNMYLWJNEE.YTIVTFGABIZHHX.MOFkey-v1.pcu
17553,N#N.[O-]C(=O)C#CC(=O)[O-].[O-]C(=O)c1ccc(c2c1CC2)C(=O)[O-].[Zn][Zn] MOFid-v1.ERROR.cat0;17553,Zn.IJGRMHOSHXDMSA.SUWUPUWPGJRZAT.YTIVTFGABIZHHX.MOFkey-v1.ERROR
17554,N#N.[O-]C(=O)C#CC(=O)[O-].[O-]C(=O)c1ccc(c2c1CC2)C(=O)[O-].[Zn][Zn] MOFid-v1.ERROR.cat1;17554,Zn.IJGRMHOSHXDMSA.SUWUPUWPGJRZAT.YTIVTFGABIZHHX.MOFkey-v1.ERROR
17555,FC1(F)Cc2c1nccn2.[O-]C(=O)C#CC(=O)[O-].[O-]C(=O)c1cc(F)c(c2c1C(F)C2F)C(=O)[O-].[Zn][Zn] MOFid-v1.pcu.cat0;17555,Zn.KILPJIZTOYJTQV.MEOMPINSLHVSQG.YTIVTFGABIZHHX.MOFkey-v1.pcu
17556,FC1C(F)c2c1nc(c(n2)F)F.FC1Cc2c1c(ccc2C(=O)[O-])C(=O)[O-].[O-]C(=O)C#CC(=O)[O-].[Zn][Zn] MOFid-v1.pcu.cat0;17556,Zn.AHAJZMIVLNJMPF.SNILWGOLBNGCMM.YTIVTFGABIZHHX.MOFkey-v1.pcu
17557,FC1C(F)c2c1nc(c(n2)F)F.[O-]C(=O)C#CC(=O)[O-].[O-]C(=O)c1ccc(c2c1CC2(F)F)C(=O)[O-].[Zn][Zn] MOFid-v1.pcu.cat0;17557,Zn.AHAJZMIVLNJMPF.YTIVTFGABIZHHX.YYTYNTVURIYJSJ.MOFkey-v1.pcu
17558,FC1c2nccnc2C1(F)F.[O-]C(=O)C#CC(=O)[O-].[O-]C(=O)c1c(F)cc(c2c1C(F)C2(F)F)C(=O)[O-].[Zn][Zn] MOFid-v1.pcu.cat0;17558,Zn.CATMYPFHHPFCSB.VPFVWHMFBGECDV.YTIVTFGABIZHHX.MOFkey-v1.pcu
17559,Clc1nc2c(nc1Cl)C(C2(Cl)Cl)(Cl)Cl.[O-]C(=O)C#CC(=O)[O-].[O-]C(=O)c1cc(Cl)c(c2c1CC2(Cl)Cl)C(=O)[O-].[Zn][Zn] MOFid-v1.pcu.cat0;17559,Zn.DKCVTUYFARGEBN.GWZPKFBVOWJKMY.YTIVTFGABIZHHX.MOFkey-v1.pcu
1756,CCC1(CC)Cc2c1c(ccc2C(=O)[O-])C(=O)[O-].CCC1C(CC)c2c1c(cc(c2C(=O)[O-])CC)C(=O)[O-].CCc1c(ccc(c1CC)C#CC(=O)[O-])C#CC(=O)[O-].[Zn][O]([Zn])([Zn])[Zn] MOFid-v1.pcu.cat0;1756,Zn.CMVNPXRSHIFNPJ.FZHMJKWUDCMDMZ.OHEDGWPEDGDBJF.MOFkey-v1.pcu
17560,ClC1Cc2c1c(C(=O)[O-])c(cc2C(=O)[O-])Cl.Clc1nc2c(nc1Cl)C(C2(Cl)Cl)Cl.[O-]C(=O)C#CC(=O)[O-].[Zn][Zn] MOFid-v1.pcu.cat0;17560,Zn.SBYXMZNLEYJQKD.YTIVTFGABIZHHX.ZUFAPXCJXNAESZ.MOFkey-v1.pcu
17561,N#N.[O-]C(=O)C#CC(=O)[O-].[O-]C(=O)c1ccc(c2c1CC2(Cl)Cl)C(=O)[O-].[Zn][Zn] MOFid-v1.ERROR.cat0;17561,Zn.HVIGRAKLMVBPFO.IJGRMHOSHXDMSA.YTIVTFGABIZHHX.MOFkey-v1.ERROR
17562,N#N.[O-]C(=O)C#CC(=O)[O-].[O-]C(=O)c1ccc(c2c1CC2(Cl)Cl)C(=O)[O-].[O-]C(=O)c1ccc(c2c1CC2(Cl)Cl)C(=O)[O-].[Zn][Zn] MOFid-v1.ERROR.cat0;17562,Zn.AYXQTQZBOBQAKI.IJGRMHOSHXDMSA.YTIVTFGABIZHHX.MOFkey-v1.ERROR
17563,Clc1nc2CC(c2nc1Cl)(Cl)Cl.[O-]C(=O)C#CC(=O)[O-].[O-]C(=O)c1c(Cl)cc(c2c1[CH]C2(Cl)Cl)C(=O)[O-].[Zn][Zn] MOFid-v1.pcu.cat0;17563,Zn.JZXSMKCOSZQJNV.QXBYAEODLUMPRN.YTIVTFGABIZHHX.MOFkey-v1.pcu
17564,Brc1nc2c(nc1Br)C(C2(Br)Br)Br.[O-]C(=O)C#CC(=O)[O-].[O-]C(=O)c1cc(Br)c(c2c1CC2)C(=O)[O-].[Zn][Zn] MOFid-v1.pcu.cat0;17564,Zn.JOWTWWQSDRDPEL.LYQPNFSLEFZDIU.YTIVTFGABIZHHX.MOFkey-v1.pcu
17565,BrC1Cc2c1nccn2.[O-]C(=O)C#CC(=O)[O-].[O-]C(=O)c1ccc(c2c1C(Br)C2(Br)Br)C(=O)[O-].[Zn][Zn] MOFid-v1.pcu.cat0;17565,Zn.GEPBLZJZAUQNKU.LJQFYKWNVUPHAI.YTIVTFGABIZHHX.MOFkey-v1.pcu
17566,BrC1C(Br)c2c1c(ccc2C(=O)[O-])C(=O)[O-].BrC1Cc2c1nc(c(n2)Br)Br.[O-]C(=O)C#CC(=O)[O-].[Zn][Zn] MOFid-v1.pcu.cat0;17566,Zn.KPFBTYDDGORPRF.OVGVBOQNLQCMJE.YTIVTFGABIZHHX.MOFkey-v1.pcu
17567,Brc1nc2CC(c2nc1Br)(Br)Br.[O-]C(=O)C#CC(=O)[O-].[O-]C(=O)c1cc(Br)c(c2c1[C](Br)C2Br)C(=O)[O-].[Zn][Zn] MOFid-v1.pcu.cat0;17567,Zn.FGNUMZLHNIIXAR.LDAVSESPDYDLSW.YTIVTFGABIZHHX.MOFkey-v1.pcu
17568,BrC1C(Br)c2c1nccn2.[O-]C(=O)C#CC(=O)[O-].[O-]C(=O)c1c(Br)cc(c2c1CC2(Br)Br)C(=O)[O-].[Zn][Zn] MOFid-v1.pcu.cat0;17568,Zn.DVVVPUCDRHSUQU.PFUWIRLUVUTRAS.YTIVTFGABIZHHX.MOFkey-v1.pcu
17569,Cc1cnc2c(n1)C(C2C)C.[O-]C(=O)C#CC(=O)[O-].[O-]C(=O)c1cc(C)c(c2c1C(C)C2C)C(=O)[O-].[Zn][Zn] MOFid-v1.pcu.cat0;17569,Zn.KAZLGAWGSWKXEY.LYCCVDGLOPLDGM.YTIVTFGABIZHHX.MOFkey-v1.pcu
1757,CCCC1c2c(ccc(c2C1(CCC)CCC)C(=O)[O-])C(=O)[O-].CCCc1c(C#CC(=O)[O-])cc(c(c1CCC)C#CC(=O)[O-])CCC.CCCc1cc(C#CC(=O)[O-])c(cc1C#CC(=O)[O-])CCC.[Zn][O]([Zn])([Zn])[Zn] MOFid-v1.pcu.cat0;1757,Zn.LMLKBVACIDSWPV.UYBMQDCFHSINJI.ZDJKKMBUNFQLGO.MOFkey-v1.pcu
17570,N#N.[O-]C(=O)C#CC(=O)[O-].[O-]C(=O)c1ccc(c2c1C(C)C2(C)C)C(=O)[O-].[Zn][Zn] MOFid-v1.ERROR.cat0;17570,Zn.IJGRMHOSHXDMSA.ORBVVLMCWIGMNK.YTIVTFGABIZHHX.MOFkey-v1.ERROR
17571,CC1Cc2c1c(cc(c2C(=O)[O-])C)C(=O)[O-].N#N.[O-]C(=O)C#CC(=O)[O-].[Zn][Zn] MOFid-v1.ERROR.cat0;17571,Zn.IJGRMHOSHXDMSA.PZDIQSBQYZWTGV.YTIVTFGABIZHHX.MOFkey-v1.ERROR
17572,CCc1cnc2c(n1)C(C2)(CC)CC.[O-]C(=O)C#CC(=O)[O-].[O-]C(=O)c1ccc(c2c1CC2)C(=O)[O-].[Zn][Zn] MOFid-v1.pcu.cat0;17572,Zn.JWIGBRJHNQOYHT.SUWUPUWPGJRZAT.YTIVTFGABIZHHX.MOFkey-v1.pcu
17573,CCC1(CC)Cc2c1c(ccc2C(=O)[O-])C(=O)[O-].[O-]C(=O)C#CC(=O)[O-].CCc1nc2c(nc1CC)C(C2(CC)CC)CC.[Zn][Zn] MOFid-v1.pcu.cat0;17573,Zn.OHEDGWPEDGDBJF.RNXROSLNFZORJV.MOFkey-v1.pcu
17574,CCC1Cc2c1c(cc(c2C(=O)[O-])CC)C(=O)[O-].CCc1cnc2c(n1)CC2CC.[O-]C(=O)C#CC(=O)[O-].[Zn][Zn] MOFid-v1.pcu.cat0;17574,Zn.AAUKCJHXVAFZFA.MCTKRYGQOVUCIU.YTIVTFGABIZHHX.MOFkey-v1.pcu
17575,[O-]C(=O)C#CC(=O)[O-].[Zn][Zn] MOFid-v1.pcu.cat0;17575,Zn.YTIVTFGABIZHHX.MOFkey-v1.pcu
17576,CCC1Cc2c1c(cc(c2[C][O])CC)C(=O)[O-].[CH2]C.[O].CCC1[C](CC)c2c1nccn2.[O-]C(=O)C#CC(=O)[O-].[Zn][Zn] MOFid-v1.pcu.cat0;17576,Zn.GQNLVMWGHDUXNP.IWICRJUGBUIHBE.YTIVTFGABIZHHX.MOFkey-v1.pcu
17577,CCCC1Cc2c1c(ccc2C(=O)[O-])C(=O)[O-].N#N.[O-]C(=O)C#CC(=O)[O-].[Zn][Zn] MOFid-v1.ERROR.cat0;17577,Zn.IJGRMHOSHXDMSA.WVAYPBPJAXWOKW.YTIVTFGABIZHHX.MOFkey-v1.ERROR
17578,CCCC1Cc2c1c(ccc2C(=O)[O-])C(=O)[O-].N#N.[O-]C(=O)C#CC(=O)[O-].[Zn][Zn] MOFid-v1.ERROR.cat0;17578,Zn.IJGRMHOSHXDMSA.WVAYPBPJAXWOKW.YTIVTFGABIZHHX.MOFkey-v1.ERROR
17579,CCCC1c2c(C(=O)[O-])c(CCC)cc(c2C1(CCC)CCC)C(=O)[O-].CCCc1cnc2c(n1)C(C2CCC)CCC.[O-]C(=O)C#CC(=O)[O-].[Zn][Zn] MOFid-v1.pcu.cat0;17579,Zn.OAOWCTWENCKTIT.RMPJAALPCWVBPT.YTIVTFGABIZHHX.MOFkey-v1.pcu
1758,CCCC1C(CCC)c2c1c(C(=O)[O-])c(cc2C(=O)[O-])CCC.CCCc1cc(C#CC(=O)[O-])ccc1C#CC(=O)[O-].[Zn][O]([Zn])([Zn])[Zn] MOFid-v1.pcu.cat0;1758,Zn.SYXITMCONVTITP.VSZMHJNITJPLKE.MOFkey-v1.pcu
17580,[O-]C(=O)C#CC(=O)[O-].CCCC1C(CCC)c2c1c(ccc2C(=O)[O-])C(=O)[O-].CCCc1nc2c(nc1CCC)C(C2(CCC)CCC)CCC.[Zn][Zn] MOFid-v1.pcu.cat0;17580,Zn.LBPIRGARFDBKTH.MOFkey-v1.pcu
17581,N#N.NC1Cc2c1c(ccc2C(=O)[O-])C(=O)[O-].[O-]C(=O)C#CC(=O)[O-].[Zn][Zn] MOFid-v1.ERROR.cat0;17581,Zn.IJGRMHOSHXDMSA.LDCRKKJWJVSVSC.YTIVTFGABIZHHX.MOFkey-v1.ERROR
17582,N#N.NC1Cc2c1c(ccc2C(=O)[O-])C(=O)[O-].[O-]C(=O)C#CC(=O)[O-].[Zn][Zn] MOFid-v1.ERROR.cat1;17582,Zn.IJGRMHOSHXDMSA.LDCRKKJWJVSVSC.YTIVTFGABIZHHX.MOFkey-v1.ERROR
17583,NC1C(N)c2c1nccn2.[O-]C(=O)C#CC(=O)[O-].[O-]C(=O)c1cc(N)c(c2c1CC2(N)N)C(=O)[O-].[Zn][Zn] MOFid-v1.pcu.cat0;17583,Zn.FCMJVHAXELGXGH.KCKRAVJPWLBXQC.YTIVTFGABIZHHX.MOFkey-v1.pcu
17584,NC1C(N)c2c1c(C(=O)[O-])c(c(c2C(=O)[O-])N)N.Nc1cnc2c(n1)C(C2(N)N)N.[O-]C(=O)C#CC(=O)[O-].[Zn][Zn] MOFid-v1.pcu.cat0;17584,Zn.DYQQOLWDHLJVLK.GDOGGGZCXKQTLW.YTIVTFGABIZHHX.MOFkey-v1.pcu
17585,N[NH2]C1C(N)c2c1c(C(=O)[O-])c(cc2C(=O)[O-])N.Nc1cnc2c(n1)[C](C2N)N.[O-]C(=O)C#CC(=O)[O-].[Zn][Zn] MOFid-v1.pcu.cat0;17585,Zn.UIIQJRGOASPADN.YTIVTFGABIZHHX.ZGIHOTDMBKETSX.MOFkey-v1.pcu
17586,* MOFid-v1.NA.NAno_mof;17586,NA.MISSING_LINKERS.MOFkey-v1
17587,* MOFid-v1.NA.NAno_mof;17587,NA.MISSING_LINKERS.MOFkey-v1
17588,* MOFid-v1.NA.NAno_mof;17588,NA.MISSING_LINKERS.MOFkey-v1
17589,[O-]C(=O)c1ccc(c2c1C(C2)c1ccccc1)C(=O)[O-].[Zn][Zn].c1ccc(cc1)C1Cc2c1nccn2 MOFid-v1.pcu.cat0;17589,Zn.NQUYNAAUIZBCDE.OIXQRWFBDCGXAU.MOFkey-v1.pcu
1759,CCCC1Cc2c1c(ccc2C(=O)[O-])C(=O)[O-].CCCc1cc(C#CC(=O)[O-])ccc1C#CC(=O)[O-].CCCc1cc(C(=O)[O-])c2c(c1C(=O)[O-])CC2.[Zn][O]([Zn])([Zn])[Zn] MOFid-v1.pcu.cat0;1759,Zn.SYXITMCONVTITP.WVAYPBPJAXWOKW.ZCMCBRYYJIEPAQ.MOFkey-v1.pcu
17590,OC1C(O)C2=N[CH]C(=N[C]12)O.[O-]C(=O)C#CC(=O)[O-].[O-]C(=O)c1c(O)cc(c2c1C(O)C2(O)O)C(=O)[O-].[Zn][Zn] MOFid-v1.pcu.cat0;17590,Zn.RMKXCGXABLVNBJ.WGPNIUJHLPORHY.YTIVTFGABIZHHX.MOFkey-v1.pcu
17591,Oc1cnc2c(n1)C(C2(O)O)(O)O.[O-]C(=O)C#CC(=O)[O-].[O-]C(=O)c1cc(O)c(c2c1C(O)C2O)C(=O)[O-].[Zn][Zn] MOFid-v1.pcu.cat0;17591,Zn.INCAAKGZLIHZLY.NOLJWFRZASMNHN.YTIVTFGABIZHHX.MOFkey-v1.pcu
17592,N#N.[O-]C(=O)C#CC(=O)[O-].[O-]C(=O)c1ccc(c2c1CC2(O)O)C(=O)[O-].[Zn][Zn] MOFid-v1.ERROR.cat0;17592,Zn.IJGRMHOSHXDMSA.YTIVTFGABIZHHX.ZWAJFHDIRAOSFH.MOFkey-v1.ERROR
17593,OC1Cc2c1c(cc(c2C(=O)[O-])O)C(=O)[O-].Oc1cnc2c(n1)C(C2O)O.[O-]C(=O)C#CC(=O)[O-].[Zn][Zn] MOFid-v1.pcu.cat0;17593,Zn.UOJKUFBQFHLWMT.WGPNIUJHLPORHY.YTIVTFGABIZHHX.MOFkey-v1.pcu
17594,N#CC1c2nccnc2C1(C#N)C#N.N#Cc1cc(C(=O)[O-])c2c(c1C(=O)[O-])C(C2)C#N.[O-]C(=O)C#CC(=O)[O-].[Zn][Zn] MOFid-v1.pcu.cat0;17594,Zn.DSRNWJFNOXVKQI.IGROKRMVXGLLJP.YTIVTFGABIZHHX.MOFkey-v1.pcu
17595,N#Cc1cc(C(=O)[O-])c2c(c1C(=O)[O-])C(C2(C#N)C#N)(C#N)C#N.N#N.[O-]C(=O)C#CC(=O)[O-].[Zn][Zn] MOFid-v1.ERROR.cat0;17595,Zn.IJGRMHOSHXDMSA.YNGGQCGYCUUPIU.YTIVTFGABIZHHX.MOFkey-v1.ERROR
17596,N#Cc1cc(C(=O)[O-])c2c(c1C(=O)[O-])C13C42[C]2C(C1=[N])(C1([C]3N3OC13[O])C4=[N])C1(N2O1)[O].N#N.[Zn][Zn] MOFid-v1.fse.cat0;17596,Zn.IJGRMHOSHXDMSA.LJBDUPYOEUMIHS.MOFkey-v1.fse
17597,N#Cc1cc(C(=O)[O-])c2c(c1C(=O)[O-])CC2(C#N)C#N.N#Cc1cnc2c(n1)CC2.[O-]C(=O)C#CC(=O)[O-].[Zn][Zn] MOFid-v1.pcu.cat0;17597,Zn.BXPDVOOAELFOGS.QKDQWIWWGYYOKX.YTIVTFGABIZHHX.MOFkey-v1.pcu
17598,N#CC1(C#N)Cc2c1nccn2.N#Cc1cc(C(=O)[O-])c2c(c1C(=O)[O-])CC2.[O-]C(=O)C#CC(=O)[O-].[Zn][Zn] MOFid-v1.pcu.cat0;17598,Zn.BSYXYGQTNQYVGW.PWDVWLMJENGBOU.YTIVTFGABIZHHX.MOFkey-v1.pcu
17599,COC1C(OC)C2=N[CH]C(=N[C]12)OC.COC1Cc2c1c(cc(c2C(=O)[O-])OC)C(=O)[O-].[O-]C(=O)C#CC(=O)[O-].[Zn][Zn] MOFid-v1.pcu.cat0;17599,Zn.HUPSDMWKNMRUJZ.NWLDSGHYVQGZNP.YTIVTFGABIZHHX.MOFkey-v1.pcu
176,CCCc1cc(C(=O)[O-])c(cc1c1ccc(c(c1)CCC)C(=O)[O-])CCC.CCCc1cc(cc(c1C(=O)[O-])CCC)C(=O)[O-].CCCc1cc(ccc1C(=O)[O-])C(=O)[O-].[Zn][O]([Zn])([Zn])[Zn] MOFid-v1.pcu.cat0;176,Zn.HOOXBGBMZMIAMX.NAIGRTFQKPRBJX.UQGMWIYMSLUKBK.MOFkey-v1.pcu
1760,CCCC1C(CCC)c2c1c(C(=O)[O-])c(cc2C(=O)[O-])CCC.CCCC1Cc2c1c(ccc2C(=O)[O-])C(=O)[O-].CCCc1c(ccc(c1CCC)C#CC(=O)[O-])C#CC(=O)[O-].[Zn][O]([Zn])([Zn])[Zn] MOFid-v1.pcu.cat0;1760,Zn.UMPGJISISWIROZ.VSZMHJNITJPLKE.WVAYPBPJAXWOKW.MOFkey-v1.pcu
17600,COc1cc(C(=O)[O-])c2c(c1C(=O)[O-])C(C2(OC)OC)OC.[O-]C(=O)C#CC(=O)[O-].COC1=N[C]2C(=N[CH]1)C(C2OC)(OC)OC.[Zn][Zn] MOFid-v1.pcu.cat0;17600,Zn.OSGZKVJEASKTFI.ZQGWIBZPTVHVFW.MOFkey-v1.pcu
17601,* MOFid-v1.NA.NAno_mof;17601,NA.MISSING_LINKERS.MOFkey-v1
17602,CCOC1C(OCC)c2c1c(ccc2C(=O)[O-])C(=O)[O-].CCOC1CC2=N[CH]C(=N[C]12)OCC.[O-]C(=O)C#CC(=O)[O-].[Zn][Zn] MOFid-v1.pcu.cat0;17602,Zn.IAYZBTVIEHJYFO.YTIVTFGABIZHHX.ZRERDFRBBKZNCG.MOFkey-v1.pcu
17603,CCOC1=N[C]2C(=N[CH]1)CC2(OCC)OCC.CCOC1C(OCC)c2c1c(ccc2C(=O)[O-])C(=O)[O-].[O-]C(=O)C#CC(=O)[O-].[Zn][Zn] MOFid-v1.pcu.cat0;17603,Zn.AIQDCZGCOGPBDN.YTIVTFGABIZHHX.ZRERDFRBBKZNCG.MOFkey-v1.pcu
17604,CCOC1Cc2c1c(ccc2C(=O)[O-])C(=O)[O-].N#N.[O-]C(=O)C#CC(=O)[O-].[Zn][Zn] MOFid-v1.ERROR.cat0;17604,Zn.IJGRMHOSHXDMSA.NOJAOUDBVJAWTQ.YTIVTFGABIZHHX.MOFkey-v1.ERROR
17605,CCOC1C(OCC)c2c1nccn2.CCOc1cc(C(=O)[O-])c2c(c1C(=O)[O-])C(C2)([O])OCC.[O-]C(=O)C#CC(=O)[O-].[Zn][Zn] MOFid-v1.pcu.cat0;17605,Zn.IWAWPDVGQQMXPG.MIDOFCNXEASMSL.YTIVTFGABIZHHX.MOFkey-v1.pcu
17606,CCOC1Cc2c1nccn2.CCOc1cc(C(=O)[O-])c2c(c1C(=O)[O-])CC2.[O-]C(=O)C#CC(=O)[O-].[Zn][Zn] MOFid-v1.pcu.cat0;17606,Zn.PPXJHMYFOXCTGD.QHMWSIARGRSKCQ.YTIVTFGABIZHHX.MOFkey-v1.pcu
17607,[O-]C(=O)C#CC(=O)[O-].[O-]C(=O)C#CC(=O)O.CC[CH]OC1=N[C]2C(=N[CH]1)C(C2(OCCC)OCCC)OCCC.[Zn][Zn] MOFid-v1.pcu.cat0;17607,Zn.CPUOEAHMHDRAQH.MOFkey-v1.pcu
17608,* MOFid-v1.NA.NAno_mof;17608,NA.MISSING_LINKERS.MOFkey-v1
17609,CCCOC1(OCCC)c2nccnc2C1(OC[CH2])OCCC.CCCOC1c2c(ccc(c2C1(OCCC)OCCC)C(=O)[O-])C(=O)[O-].[O-]C(=O)C#CC(=O)[O-].[Zn][Zn] MOFid-v1.pcu.cat0;17609,Zn.PCFNLFRSSJWKIO.POVXVRWHBLZURU.YTIVTFGABIZHHX.MOFkey-v1.pcu
1761,CCCC1(CCC)Cc2c1c(ccc2C(=O)[O-])C(=O)[O-].CCCC1Cc2c1c(C(=O)[O-])c(c(c2C(=O)[O-])CCC)CCC.CCCc1c(ccc(c1CCC)C#CC(=O)[O-])C#CC(=O)[O-].[Zn][O]([Zn])([Zn])[Zn] MOFid-v1.pcu.cat0;1761,Zn.BEPFNHJUQIIITA.INJPESPAVZQIDV.UMPGJISISWIROZ.MOFkey-v1.pcu
17610,N#N.[O-]C(=O)C#CC(=O)[O-].[Zn][Zn] MOFid-v1.ERROR.cat0;17610,Zn.IJGRMHOSHXDMSA.YTIVTFGABIZHHX.MOFkey-v1.ERROR
17611,N#N.[O-]C(=O)C#CC(=O)[O-].[Zn][Zn] MOFid-v1.ERROR.cat1;17611,Zn.IJGRMHOSHXDMSA.YTIVTFGABIZHHX.MOFkey-v1.ERROR
17612,N#N.O=C1OOC(=O)C#CC(=O)OOC(=O)C#CC(=O)OOC(=O)C#CC(=O)OOC(=O)C#CC(=O)OOC(=O)C#CC(=O)OOC(=O)C#C1.[Zn][Zn] MOFid-v1.UNKNOWN.cat0;17612,Zn.HBGVNJYODDMZJG.IJGRMHOSHXDMSA.MOFkey-v1.UNKNOWN
17613,N#Cc1ccc(cc1)C#N.[O-]C(=O)c1ccc(cc1)C(=O)[O-].[Zn][Zn] MOFid-v1.pcu.cat0;17613,Zn.BHXFKXOIODIUJO.KKEYFWRCBNTPAC.MOFkey-v1.pcu
17614,N#Cc1ccc(cc1)C#N.[O-]C(=O)c1ccc(cc1)C(=O)[O-].[Zn][Zn] MOFid-v1.pcu.cat1;17614,Zn.BHXFKXOIODIUJO.KKEYFWRCBNTPAC.MOFkey-v1.pcu
17615,N#Cc1ccc(cc1)C#N.[O-]C(=O)c1ccc(cc1)C(=O)[O-].[Zn][Zn] MOFid-v1.pcu.cat2;17615,Zn.BHXFKXOIODIUJO.KKEYFWRCBNTPAC.MOFkey-v1.pcu
17616,Fc1cnccn1.[O-]C(=O)C#Cc1ccc(c(c1)F)C#CC(=O)[O-].[O-]C(=O)c1cc(F)c(c(c1)F)C(=O)[O-].[Zn][Zn] MOFid-v1.pcu.cat0;17616,Zn.IJUHIGIZXFLJOY.OHLHLWHVHGVUCU.UWTVIBHYIOGQEU.MOFkey-v1.pcu
17617,Fc1cnccn1.[O-]C(=O)C#Cc1ccc(c(c1)F)C#CC(=O)[O-].[O-]C(=O)c1cc(F)c(c(c1)F)C(=O)[O-].[Zn][Zn] MOFid-v1.pcu.cat1;17617,Zn.IJUHIGIZXFLJOY.OHLHLWHVHGVUCU.UWTVIBHYIOGQEU.MOFkey-v1.pcu
17618,Fc1nc(F)c(nc1F)F.[O-]C(=O)C#Cc1c(F)c(F)c(c(c1F)F)C#CC(=O)[O-].[O-]C(=O)c1ccc(cc1)C(=O)[O-].[Zn][Zn] MOFid-v1.pcu.cat0;17618,Zn.KGUUEUHFJQGUSO.KKEYFWRCBNTPAC.VFTWLRXDHOBEDB.MOFkey-v1.pcu
17619,Fc1nc(F)c(nc1F)F.[O-]C(=O)C#Cc1c(F)c(F)c(c(c1F)F)C#CC(=O)[O-].[O-]C(=O)c1ccc(cc1)C(=O)[O-].[Zn][Zn] MOFid-v1.pcu.cat1;17619,Zn.KGUUEUHFJQGUSO.KKEYFWRCBNTPAC.VFTWLRXDHOBEDB.MOFkey-v1.pcu
1762,NC1C(N)c2c1c(ccc2C(=O)[O-])C(=O)[O-].[O-]C(=O)c1cc(N)c(c2c1CC2(N)N)C(=O)[O-].[O-]C(=O)c1ccc(c2c1C(N)C2(N)N)C(=O)[O-].[Zn][O]([Zn])([Zn])[Zn] MOFid-v1.pcu.cat0;1762,Zn.HWWNQEUBITYTSY.KCKRAVJPWLBXQC.VUDMBGWEFLLYCC.MOFkey-v1.pcu
17620,N#Cc1cc(F)c(c(c1F)F)C#N.[O-]C(=O)c1c(F)c(F)c(c(c1F)F)C(=O)[O-].[O-]C(=O)c1cc(F)c(c(c1)F)C(=O)[O-].[Zn][Zn] MOFid-v1.pcu.cat0;17620,Zn.CYBGMESYDBRZCR.OHLHLWHVHGVUCU.WFNRNCNCXRGUKN.MOFkey-v1.pcu
17621,N#Cc1cc(F)c(c(c1F)F)C#N.[O-]C(=O)c1c(F)c(F)c(c(c1F)F)C(=O)[O-].[O-]C(=O)c1cc(F)c(c(c1)F)C(=O)[O-].[Zn][Zn] MOFid-v1.pcu.cat1;17621,Zn.CYBGMESYDBRZCR.OHLHLWHVHGVUCU.WFNRNCNCXRGUKN.MOFkey-v1.pcu
17622,N#Cc1ccc(c(c1)F)C#N.[O-]C(=O)C1=CC=C([C]=C1)C(=O)[O-].[O-]C(=O)C1=C[C]=C(C=C1)C(=O)[O-].[Zn][Zn] MOFid-v1.pcu.cat0;17622,Zn.DULBJBXBNLVFBI.ZADCZYWRUSOQAZ.MOFkey-v1.pcu
17623,N#Cc1ccc(c(c1)F)C#N.[O-]C(=O)C1=CC=C([C]=C1)C(=O)[O-].[O-]C(=O)C1=C[C]=C(C=C1)C(=O)[O-].[Zn][Zn] MOFid-v1.pcu.cat1;17623,Zn.DULBJBXBNLVFBI.ZADCZYWRUSOQAZ.MOFkey-v1.pcu
17624,Fc1cnc(c(n1)F)F.[O-]C(=O)C#Cc1cc(F)c(c(c1F)F)C#CC(=O)[O-].[O-]C(=O)c1ccc(c(c1)F)C(=O)[O-].[Zn][Zn] MOFid-v1.pcu.cat0;17624,Zn.LUFNUHAFHFUVDY.USSVFPGZPWIWLZ.YUWKPDBHJFNMAD.MOFkey-v1.pcu
17625,Fc1cnc(c(n1)F)F.[O-]C(=O)C#Cc1cc(F)c(c(c1F)F)C#CC(=O)[O-].[O-]C(=O)c1ccc(c(c1)F)C(=O)[O-].[Zn][Zn] MOFid-v1.pcu.cat1;17625,Zn.LUFNUHAFHFUVDY.USSVFPGZPWIWLZ.YUWKPDBHJFNMAD.MOFkey-v1.pcu
17626,N#Cc1cc(Cl)c(cc1Cl)C#N.[O-]C(=O)c1cc(Cl)c(c(c1)Cl)C(=O)[O-].[O-]C(=O)c1ccc(c(c1)Cl)C(=O)[O-].[Zn][Zn] MOFid-v1.pcu.cat0;17626,Zn.LJUJMEBEACINIP.UCRQGBRIGDKUAM.ZPXGNBIFHQKREO.MOFkey-v1.pcu
17627,N#Cc1cc(Cl)c(cc1Cl)C#N.[O-]C(=O)C1=CC(=C([C]=C1)C(=O)[O-])Cl.[O-]C(=O)c1ccc(c(c1)Cl)C(=O)[O-].[Zn][Zn] MOFid-v1.pcu.cat1;17627,Zn.UCRQGBRIGDKUAM.XQJRRLIANGYNJX.ZPXGNBIFHQKREO.MOFkey-v1.pcu
17628,Clc1nccnc1Cl.[O-]C(=O)c1ccc(c(c1)Cl)C(=O)[O-].[O-]C(=O)c1ccc(c(c1Cl)Cl)C(=O)[O-].[Zn][Zn] MOFid-v1.pcu.cat0;17628,Zn.MLCNOCRGSBCAGH.NAQNEMNLLODUCG.ZPXGNBIFHQKREO.MOFkey-v1.pcu
17629,Clc1nccnc1Cl.[O-]C(=O)c1ccc(c(c1)Cl)C(=O)[O-].[O-]C(=O)c1ccc(c(c1Cl)Cl)C(=O)[O-].[Zn][Zn] MOFid-v1.pcu.cat1;17629,Zn.MLCNOCRGSBCAGH.NAQNEMNLLODUCG.ZPXGNBIFHQKREO.MOFkey-v1.pcu
1763,NC1Cc2c1c(C(=O)[O-])c(c(c2C(=O)[O-])N)N.[O-]C(=O)C#Cc1ccc(c(c1N)N)C#CC(=O)[O-].[O-]C(=O)c1cc(N)c(c2c1C(C2(N)N)(N)N)C(=O)[O-].[Zn][O]([Zn])([Zn])[Zn] MOFid-v1.pcu.cat0;1763,Zn.KVHYJMRIAWDWSM.KXTJPXAEBXWCRB.WJWOZTKYQLVXRP.MOFkey-v1.pcu
17630,Clc1cncc(n1)Cl.[O-]C(=O)C#Cc1cc(Cl)c(cc1Cl)C#CC(=O)[O-].[O-]C(=O)c1cc(Cl)c(c(c1)Cl)C(=O)[O-].[Zn][Zn] MOFid-v1.pcu.cat0;17630,Zn.HVXQHIKUUNATCE.LJUJMEBEACINIP.LSEAAPGIZCDEEH.MOFkey-v1.pcu
17631,Clc1cncc(n1)Cl.[O-]C(=O)C#Cc1cc(Cl)c(cc1Cl)C#CC(=O)[O-].[O-]C(=O)c1cc(Cl)c(c(c1)Cl)C(=O)[O-].[Zn][Zn] MOFid-v1.pcu.cat1;17631,Zn.HVXQHIKUUNATCE.LJUJMEBEACINIP.LSEAAPGIZCDEEH.MOFkey-v1.pcu
17632,N#Cc1cc(Cl)c(c(c1Cl)Cl)C#N.[O-]C(=O)c1ccc(c(c1Cl)Cl)C(=O)[O-].[O-]C(=O)c1ccc(cc1)C(=O)[O-].[Zn][Zn] MOFid-v1.pcu.cat0;17632,Zn.KKEYFWRCBNTPAC.NAQNEMNLLODUCG.QURJGSUFJGBSEL.MOFkey-v1.pcu
17633,N#Cc1cc(Cl)c(c(c1Cl)Cl)C#N.[O-]C(=O)c1ccc(c(c1Cl)Cl)C(=O)[O-].[O-]C(=O)c1ccc(cc1)C(=O)[O-].[Zn][Zn] MOFid-v1.pcu.cat1;17633,Zn.KKEYFWRCBNTPAC.NAQNEMNLLODUCG.QURJGSUFJGBSEL.MOFkey-v1.pcu
17634,N#Cc1ccc(c(c1Cl)Cl)C#N.[O-]C(=O)c1ccc(c(c1)Cl)C(=O)[O-].[Zn][Zn] MOFid-v1.pcu.cat0;17634,Zn.ANFLIYMQILWSBB.ZPXGNBIFHQKREO.MOFkey-v1.pcu
17635,N#Cc1ccc(c(c1Cl)Cl)C#N.[O-]C(=O)c1ccc(c(c1)Cl)C(=O)[O-].[Zn][Zn] MOFid-v1.pcu.cat1;17635,Zn.ANFLIYMQILWSBB.ZPXGNBIFHQKREO.MOFkey-v1.pcu
17636,Brc1ncc(nc1)Br.[O-]C(=O)C#Cc1ccc(c(c1)Br)C#CC(=O)[O-].[O-]C(=O)C#Cc1ccc(cc1)C#CC(=O)[O-].[Zn][Zn] MOFid-v1.pcu.cat0;17636,Zn.BVTCEKXZALNEMP.IUCPZNVTXMASAX.KIYKHEOWZLJZSB.MOFkey-v1.pcu
17637,Brc1ncc(nc1)Br.[O-]C(=O)C#Cc1ccc(c(c1)Br)C#CC(=O)[O-].[O-]C(=O)C#Cc1ccc(cc1)C#CC(=O)[O-].[Zn][Zn] MOFid-v1.pcu.cat1;17637,Zn.BVTCEKXZALNEMP.IUCPZNVTXMASAX.KIYKHEOWZLJZSB.MOFkey-v1.pcu
17638,Brc1ncc(nc1)Br.[O-]C(=O)C#Cc1ccc(c(c1)Br)C#CC(=O)[O-].[O-]C(=O)C#Cc1ccc(cc1)C#CC(=O)[O-].[Zn][Zn] MOFid-v1.pcu.cat2;17638,Zn.BVTCEKXZALNEMP.IUCPZNVTXMASAX.KIYKHEOWZLJZSB.MOFkey-v1.pcu
17639,Brc1ncc(nc1)Br.[O-]C(=O)C#Cc1ccc(c(c1)Br)C#CC(=O)[O-].[O-]C(=O)C#Cc1ccc(cc1)C#CC(=O)[O-].[Zn][Zn] MOFid-v1.pcu.cat3;17639,Zn.BVTCEKXZALNEMP.IUCPZNVTXMASAX.KIYKHEOWZLJZSB.MOFkey-v1.pcu
1764,NC1Cc2c1c(ccc2C(=O)[O-])C(=O)[O-].[O-]C(=O)C#Cc1ccc(c(c1)N)C#CC(=O)[O-].[O-]C(=O)c1cc(N)c(c2c1C(N)C2N)C(=O)[O-].[Zn][O]([Zn])([Zn])[Zn] MOFid-v1.pcu.cat0;1764,Zn.AKIKGLDWIFMDLW.LDCRKKJWJVSVSC.QSYXIUOEZJIPFU.MOFkey-v1.pcu
17640,Brc1ncc(nc1)Br.[O-]C(=O)C#Cc1cc(Br)c(c(c1Br)Br)C#CC(=O)[O-].[O-]C(=O)c1cc(Br)c(cc1Br)C(=O)[O-].[Zn][Zn] MOFid-v1.pcu.cat0;17640,Zn.GDNPCYPJWGKZDB.KIYKHEOWZLJZSB.VUTICWRXMKBOSF.MOFkey-v1.pcu
17641,Brc1ncc(nc1)Br.[O-]C(=O)C#CC1=CC(=C([C]=C1Br)C#CC(=O)[O-])Br.[O-]C(=O)c1cc(Br)c(cc1Br)C(=O)[O-].[Zn][Zn] MOFid-v1.pcu.cat1;17641,Zn.HJGGVLCNVSQEIT.KIYKHEOWZLJZSB.VUTICWRXMKBOSF.MOFkey-v1.pcu
17642,Brc1cnc(c(n1)Br)Br.[O-]C(=O)C#Cc1cc(Br)c(c(c1)Br)C#CC(=O)[O-].[O-]C(=O)c1cc(Br)c(c(c1)Br)C(=O)[O-].[Zn][Zn] MOFid-v1.pcu.cat0;17642,Zn.AFFKMXRQXKBNNL.ATCDCFMXDXOERY.JQJBHBWYLZTGAL.MOFkey-v1.pcu
17643,BrC1=CN=[C]C(=N1)Br.BrC1=NC(=[C]N=C1)Br.[O-]C(=O)C#CC1=C[C]=C(C(=C1)Br)C#CC(=O)[O-].[O-]C(=O)c1cc(Br)c(c(c1)Br)C(=O)[O-].[Zn][Zn] MOFid-v1.pcu.cat1;17643,Zn.CWJYIFXJJOVQRY.JQJBHBWYLZTGAL.UJTDTDXRZCEIHH.MOFkey-v1.pcu
17644,Brc1cnccn1.[O-]C(=O)C#Cc1c(Br)c(Br)c(c(c1Br)Br)C#CC(=O)[O-].[O-]C(=O)c1ccc(c(c1Br)Br)C(=O)[O-].[Zn][Zn] MOFid-v1.pcu.cat0;17644,Zn.UNQWKAVGUZNMJZ.WGFCNCNTGOFBBF.YUNRJECCWIHFPS.MOFkey-v1.pcu
17645,Brc1cnccn1.[O-]C(=O)C#CC1=[C]C(=C([C]=C1Br)C#CC(=O)[O-])Br.[O-]C(=O)c1ccc(c(c1Br)Br)C(=O)[O-].[Zn][Zn] MOFid-v1.pcu.cat1;17645,Zn.PZDASHISNWKAHK.UNQWKAVGUZNMJZ.WGFCNCNTGOFBBF.MOFkey-v1.pcu
17646,Brc1ncc(nc1)Br.[O-]C(=O)C#Cc1cc(Br)c(c(c1Br)Br)C#CC(=O)[O-].[O-]C(=O)c1ccc(cc1)C(=O)[O-].[Zn][Zn] MOFid-v1.pcu.cat0;17646,Zn.GDNPCYPJWGKZDB.KIYKHEOWZLJZSB.KKEYFWRCBNTPAC.MOFkey-v1.pcu
17647,Brc1ncc(nc1)Br.[O-]C(=O)C#CC1=CC(=C([C]=C1Br)C#CC(=O)[O-])Br.[O-]C(=O)c1ccc(cc1)C(=O)[O-].[Zn][Zn] MOFid-v1.pcu.cat1;17647,Zn.HJGGVLCNVSQEIT.KIYKHEOWZLJZSB.KKEYFWRCBNTPAC.MOFkey-v1.pcu
17648,Cc1cnccn1.[O-]C(=O)C#Cc1cc(C)c(cc1C)C#CC(=O)[O-].[O-]C(=O)c1cc(C)c(c(c1C)C)C(=O)[O-].[Zn][Zn] MOFid-v1.pcu.cat0;17648,Zn.CAWHJQAVHZEVTJ.NHSXODFQJIVWRJ.XASMOFYGRVUDLE.MOFkey-v1.pcu
17649,Cc1cnccn1.[O-]C(=O)C#Cc1cc(C)c(cc1C)C#CC(=O)[O-].[O-]C(=O)c1cc(C)c(c(c1C)C)C(=O)[O-].[Zn][Zn] MOFid-v1.pcu.cat1;17649,Zn.CAWHJQAVHZEVTJ.NHSXODFQJIVWRJ.XASMOFYGRVUDLE.MOFkey-v1.pcu
1765,NC1Cc2c1c(ccc2C(=O)[O-])C(=O)[O-].[O-]C(=O)C#Cc1ccc(c(c1)N)C#CC(=O)[O-].[O-]C(=O)c1cc(N)c(c2c1C(N)C2N)C(=O)[O-].[Zn][O]([Zn])([Zn])[Zn] MOFid-v1.pcu.cat1;1765,Zn.AKIKGLDWIFMDLW.LDCRKKJWJVSVSC.QSYXIUOEZJIPFU.MOFkey-v1.pcu
17650,Cc1cnc(c(n1)C)C.[O-]C(=O)C#Cc1ccc(c(c1C)C)C#CC(=O)[O-].[O-]C(=O)c1ccc(c(c1C)C)C(=O)[O-].[Zn][Zn] MOFid-v1.pcu.cat0;17650,Zn.IAEGWXHKWJGQAZ.RYRZSXJVEILFRR.XWGYXCUGZBCDIB.MOFkey-v1.pcu
17651,Cc1nc(C)c(nc1C)C.[O-]C(=O)C#Cc1c(C)c(C)c(c(c1C)C)C#CC(=O)[O-].[O-]C(=O)c1cc(C)c(cc1C)C(=O)[O-].[Zn][Zn] MOFid-v1.pcu.cat0;17651,Zn.FINHMKGKINIASC.FKUJGZJNDUGCFU.XOKWXCUXVIIKLX.MOFkey-v1.pcu
17652,[O-]C(=O)C#Cc1ccc(c(c1C)C)C#CC(=O)[O-].[O-]C(=O)c1ccc(cc1)C(=O)[O-].[Zn][Zn].n1ccncc1 MOFid-v1.pcu.cat0;17652,Zn.KKEYFWRCBNTPAC.KYQCOXFCLRTKLS.XWGYXCUGZBCDIB.MOFkey-v1.pcu
17653,Cc1nccnc1C.[O-]C(=O)C#Cc1ccc(c(c1)C)C#CC(=O)[O-].[O-]C(=O)c1ccc(c(c1C)C)C(=O)[O-].[Zn][Zn] MOFid-v1.pcu.cat0;17653,Zn.KDASJEROIXXOHJ.OXQOBQJCDNLAPO.RYRZSXJVEILFRR.MOFkey-v1.pcu
17654,Cc1nccnc1C.[O-]C(=O)C#Cc1ccc(c(c1)C)C#CC(=O)[O-].[O-]C(=O)c1ccc(c(c1C)C)C(=O)[O-].[Zn][Zn] MOFid-v1.pcu.cat1;17654,Zn.KDASJEROIXXOHJ.OXQOBQJCDNLAPO.RYRZSXJVEILFRR.MOFkey-v1.pcu
17655,CCc1c(ccc(c1CC)C(=O)[O-])C(=O)[O-].CCc1cc(C#CC(=O)[O-])ccc1C#CC(=O)[O-].CCc1cnccn1.[Zn][Zn] MOFid-v1.pcu.cat0;17655,Zn.HMABKQOHFQHKTR.KVFIJIWMDBAGDP.WWYKARMEFKDXSX.MOFkey-v1.pcu
17656,CCc1cc(C#CC(=O)[O-])cc(c1C#CC(=O)[O-])CC.CCc1cnccn1.[O-]C(=O)C#Cc1ccc(cc1)C#CC(=O)[O-].[Zn][Zn] MOFid-v1.pcu.cat0;17656,Zn.IUCPZNVTXMASAX.KFTFAHTWBYISAM.KVFIJIWMDBAGDP.MOFkey-v1.pcu
17657,CCc1cc(C#CC(=O)[O-])cc(c1C#CC(=O)[O-])CC.CCc1cnccn1.[O-]C(=O)C#Cc1ccc(cc1)C#CC(=O)[O-].[Zn][Zn] MOFid-v1.pcu.cat1;17657,Zn.IUCPZNVTXMASAX.KFTFAHTWBYISAM.KVFIJIWMDBAGDP.MOFkey-v1.pcu
17658,[O-]C(=O)c1ccc(cc1)C(=O)[O-].CCc1cc(C#CC(=O)[O-])ccc1C#CC(=O)[O-].CCc1cnc(c(n1)CC)CC.[Zn][Zn] MOFid-v1.pcu.cat0;17658,Zn.OWPPTXILMCNIIO.MOFkey-v1.pcu
17659,CCc1cc(ccc1C(=O)[O-])C(=O)[O-].[Zn][Zn] MOFid-v1.pcu.cat0;17659,Zn.NAUKGYJLYAEUBD.MOFkey-v1.pcu
1766,NC1C(N)c2c1c(C(=O)[O-])c(c(c2C(=O)[O-])N)N.[O-]C(=O)C#Cc1ccc(cc1)C#CC(=O)[O-].[O-]C(=O)c1ccc(c2c1CC2)C(=O)[O-].[Zn][O]([Zn])([Zn])[Zn] MOFid-v1.pcu.cat0;1766,Zn.GDOGGGZCXKQTLW.IUCPZNVTXMASAX.SUWUPUWPGJRZAT.MOFkey-v1.pcu
17660,CCc1cc(cc(c1C(=O)[O-])CC)C(=O)[O-].[Zn][Zn] MOFid-v1.pcu.cat0;17660,Zn.YSDZGSRLBLEZIL.MOFkey-v1.pcu
17661,CCCc1cc(C#CC(=O)[O-])ccc1C#CC(=O)[O-].CCCc1cc(ccc1C(=O)[O-])C(=O)[O-].[Zn][Zn].n1ccncc1 MOFid-v1.pcu.cat0;17661,Zn.KYQCOXFCLRTKLS.NAIGRTFQKPRBJX.SYXITMCONVTITP.MOFkey-v1.pcu
17662,CCCc1c(C#CC(=O)[O-])cc(c(c1CCC)C#CC(=O)[O-])CCC.CCCc1cc(ccc1C(=O)[O-])C(=O)[O-].CCCc1ncc(nc1)CCC.[Zn][Zn] MOFid-v1.pcu.cat0;17662,Zn.UYBMQDCFHSINJI.XEBXHWPPGIXNJJ.MOFkey-v1.pcu
17663,CCCc1cc(C#CC(=O)[O-])c(cc1C#CC(=O)[O-])CCC.CCCc1cc(ccc1C(=O)[O-])C(=O)[O-].CCCc1cncc(n1)CCC.[Zn][Zn] MOFid-v1.pcu.cat0;17663,Zn.LMLKBVACIDSWPV.NAIGRTFQKPRBJX.SEPWSSBNWMHXDK.MOFkey-v1.pcu
17664,CCCc1cc(C#CC(=O)[O-])ccc1C#CC(=O)[O-].CCCc1cc(ccc1C(=O)[O-])C(=O)[O-].CCCc1cnccn1.[Zn][Zn] MOFid-v1.pcu.cat0;17664,Zn.DJLLTFRHLPVCEL.NAIGRTFQKPRBJX.SYXITMCONVTITP.MOFkey-v1.pcu
17665,Nc1cnc(c(n1)N)N.[O-]C(=O)C#Cc1cc(N)c(c(c1N)N)C#CC(=O)[O-].[O-]C(=O)c1ccc(c(c1)N)C(=O)[O-].[Zn][Zn] MOFid-v1.pcu.cat0;17665,Zn.ALOJQGYOHJAGOO.GPNNOCMCNFXRAO.RBBJOTWYCVWFAU.MOFkey-v1.pcu
17666,Nc1cnc(c(n1)N)N.[O-]C(=O)C#Cc1ccc(c(c1N)N)C#CC(=O)[O-].[O-]C(=O)c1cc(N)c(c(c1N)N)C(=O)[O-].[Zn][Zn] MOFid-v1.pcu.cat0;17666,Zn.ALOJQGYOHJAGOO.BGXDINKUVKNFDU.KXTJPXAEBXWCRB.MOFkey-v1.pcu
17667,Nc1cncc(n1)N.[O-]C(=O)C#Cc1cc(N)c(c(c1N)N)C#CC(=O)[O-].[O-]C(=O)c1ccc(c(c1N)N)C(=O)[O-].[Zn][Zn] MOFid-v1.pcu.cat0;17667,Zn.GYRUCENCQMAGLO.PSVSZBOMJGAVRS.RBBJOTWYCVWFAU.MOFkey-v1.pcu
17668,N#Cc1cc(N)c(c(c1)N)C#N.[O-]C(=O)C1=C[C]=C(C(=C1)N)C(=O)[O-].[O-]C(=O)c1ccc(c(c1)N)C(=O)[O-].[Zn][Zn] MOFid-v1.pcu.cat0;17668,Zn.GPNNOCMCNFXRAO.MZTBZLMIBGZCIS.YGZQWMLRKDQLKY.MOFkey-v1.pcu
17669,Nc1cnccn1.[O-]C(=O)C#Cc1cc(N)c(c(c1)N)C#CC(=O)[O-].[O-]C(=O)c1ccc(c(c1)N)C(=O)[O-].[Zn][Zn] MOFid-v1.pcu.cat0;17669,Zn.GPNNOCMCNFXRAO.NSWACWZCTKVPSN.XFTQRUTUGRCSGO.MOFkey-v1.pcu
1767,NC1C(N)c2c1c(C(=O)[O-])c(c(c2C(=O)[O-])N)N.[O-]C(=O)C#Cc1ccc(cc1)C#CC(=O)[O-].[O-]C(=O)c1ccc(c2c1CC2)C(=O)[O-].[Zn][O]([Zn])([Zn])[Zn] MOFid-v1.pcu.cat1;1767,Zn.GDOGGGZCXKQTLW.IUCPZNVTXMASAX.SUWUPUWPGJRZAT.MOFkey-v1.pcu
17670,Nc1cnccn1.[O-]C(=O)C#Cc1cc(N)c(c(c1)N)C#CC(=O)[O-].[O-]C(=O)c1ccc(c(c1)N)C(=O)[O-].[Zn][Zn] MOFid-v1.pcu.cat1;17670,Zn.GPNNOCMCNFXRAO.NSWACWZCTKVPSN.XFTQRUTUGRCSGO.MOFkey-v1.pcu
17671,* MOFid-v1.NA.NAno_mof;17671,NA.MISSING_LINKERS.MOFkey-v1
17672,* MOFid-v1.NA.NAno_mof;17672,NA.MISSING_LINKERS.MOFkey-v1
17673,[O-]C(=O)C#Cc1c(cc(c(c1c1ccccc1)c1ccccc1)C#CC(=O)[O-])c1ccccc1.[O-]C(=O)C#Cc1ccc(c(c1c1ccccc1)c1ccccc1)C#CC(=O)[O-].[Zn][Zn].n1ccncc1 MOFid-v1.pcu.cat0;17673,Zn.BDFNUTJMCUSLTK.BTUMWDCFFOZEBX.KYQCOXFCLRTKLS.MOFkey-v1.pcu
17674,OC1=[N]=C(C=N[CH]1)O.[O-]C(=O)C#Cc1cc(O)c(c(c1)O)C#CC(=O)[O-].[O-]C(=O)c1ccc(c(c1)O)C(=O)[O-].[Zn][Zn] MOFid-v1.pcu.cat0;17674,Zn.BVZNYMBNXAOGEK.CDOWNLMZVKJRSC.NAOIGLYFEFCFAS.MOFkey-v1.pcu
17675,OC1=[N]=C(C=N[CH]1)O.[O-]C(=O)C#Cc1cc(O)c(c(c1)O)C#CC(=O)[O-].[O-]C(=O)c1ccc(c(c1)O)C(=O)[O-].[Zn][Zn] MOFid-v1.pcu.cat1;17675,Zn.BVZNYMBNXAOGEK.CDOWNLMZVKJRSC.NAOIGLYFEFCFAS.MOFkey-v1.pcu
17676,OC1=N[CH]C(=N[CH]1)O.[O-]C(=O)C#Cc1cc(O)c(c(c1)O)C#CC(=O)[O-].[O-]C(=O)c1ccc(c(c1)O)C(=O)[O-].[Zn][Zn] MOFid-v1.pcu.cat0;17676,Zn.BVZNYMBNXAOGEK.CDOWNLMZVKJRSC.USHRADXTTYICIJ.MOFkey-v1.pcu
17677,OC1=[N]=C(C(=N[CH]1)O)O.[O-]C(=O)C#Cc1cc(O)c(c(c1O)O)C#CC(=O)[O-].[O-]C(=O)c1cc(O)c(c(c1O)O)C(=O)[O-].[Zn][Zn] MOFid-v1.pcu.cat0;17677,Zn.CFWRJZCISZTREO.GEJWYFZMHBHYBM.PVQMWZDAOPIATO.MOFkey-v1.pcu
17678,OC1=[N]=C(C=N[CH]1)O.[O-]C(=O)C#Cc1cc(O)c(c(c1O)O)C#CC(=O)[O-].[O-]C(=O)c1ccc(c(c1)O)C(=O)[O-].[Zn][Zn] MOFid-v1.pcu.cat0;17678,Zn.CDOWNLMZVKJRSC.CFWRJZCISZTREO.NAOIGLYFEFCFAS.MOFkey-v1.pcu
17679,OC1=[N]=C(C(=N[CH]1)O)O.[O-]C(=O)C#Cc1ccc(c(c1O)O)C#CC(=O)[O-].[O-]C(=O)C#Cc1ccc(cc1)C#CC(=O)[O-].[Zn][Zn] MOFid-v1.pcu.cat0;17679,Zn.FSNWEOVBZVWIET.GEJWYFZMHBHYBM.IUCPZNVTXMASAX.MOFkey-v1.pcu
1768,NC1Cc2c1c(C(=O)[O-])c(c(c2C(=O)[O-])N)N.NC1Cc2c1c(ccc2C(=O)[O-])C(=O)[O-].[O-]C(=O)C#Cc1cc(N)c(cc1N)C#CC(=O)[O-].[Zn][O]([Zn])([Zn])[Zn] MOFid-v1.pcu.cat0;1768,Zn.KVHYJMRIAWDWSM.LDCRKKJWJVSVSC.YMMRCSMGBMMDSS.MOFkey-v1.pcu
17680,N#Cc1cc(C#CC(=O)[O-])c(c(c1C#CC(=O)[O-])C#N)C#N.N#Cc1cc(C#N)c(cc1C#N)C#N.N#Cc1cc(ccc1C(=O)[O-])C(=O)[O-].[Zn][Zn] MOFid-v1.pcu.cat0;17680,Zn.FAAXSAZENACQBT.QIAFISFDXORIAM.VICDQMSTSAXBRT.MOFkey-v1.pcu
17681,N#Cc1cc(C#CC(=O)[O-])c(c(c1C#CC(=O)[O-])C#N)C#N.N#Cc1cc(C#N)c(cc1C#N)C#N.N#Cc1cc(ccc1C(=O)[O-])C(=O)[O-].[Zn][Zn] MOFid-v1.pcu.cat1;17681,Zn.FAAXSAZENACQBT.QIAFISFDXORIAM.VICDQMSTSAXBRT.MOFkey-v1.pcu
17682,N#Cc1cc(ccc1C(=O)[O-])C(=O)[O-].N#Cc1ncc(nc1)C#N.[O-]C(=O)C#Cc1ccc(cc1)C#CC(=O)[O-].[Zn][Zn] MOFid-v1.pcu.cat0;17682,Zn.IUCPZNVTXMASAX.JVOPXXDHVVCVIJ.VICDQMSTSAXBRT.MOFkey-v1.pcu
17683,N#Cc1cc(ccc1C(=O)[O-])C(=O)[O-].N#Cc1ncc(nc1)C#N.[O-]C(=O)C#Cc1ccc(cc1)C#CC(=O)[O-].[Zn][Zn] MOFid-v1.pcu.cat1;17683,Zn.IUCPZNVTXMASAX.JVOPXXDHVVCVIJ.VICDQMSTSAXBRT.MOFkey-v1.pcu
17684,N#Cc1cc(C#CC(=O)[O-])ccc1C#CC(=O)[O-].N#Cc1cc(ccc1C(=O)[O-])C(=O)[O-].N#Cc1ncc(nc1)C#N.[Zn][Zn] MOFid-v1.pcu.cat0;17684,Zn.DUAZLOVJSAPMNR.JVOPXXDHVVCVIJ.VICDQMSTSAXBRT.MOFkey-v1.pcu
17685,N#Cc1cc(C#CC(=O)[O-])ccc1C#CC(=O)[O-].N#Cc1cc(ccc1C(=O)[O-])C(=O)[O-].N#Cc1ncc(nc1)C#N.[Zn][Zn] MOFid-v1.pcu.cat1;17685,Zn.DUAZLOVJSAPMNR.JVOPXXDHVVCVIJ.VICDQMSTSAXBRT.MOFkey-v1.pcu
17686,N#Cc1cc(C#CC(=O)[O-])cc(c1C#CC(=O)[O-])C#N.N#Cc1cc(cc(c1C(=O)[O-])C#N)C(=O)[O-].N#Cc1cnc(c(n1)C#N)C#N.[Zn][Zn] MOFid-v1.pcu.cat0;17686,Zn.ALBXXUYMWJRKSP.KBZNEMDCEYPVBU.TUIRJLRYCSVTBW.MOFkey-v1.pcu
17687,N#Cc1cc(C#CC(=O)[O-])c(c(c1C#CC(=O)[O-])C#N)C#N.N#Cc1cc(cc(c1C(=O)[O-])C#N)C(=O)[O-].N#Cc1cnc(c(n1)C#N)C#N.[Zn][Zn] MOFid-v1.pcu.cat0;17687,Zn.ALBXXUYMWJRKSP.QIAFISFDXORIAM.TUIRJLRYCSVTBW.MOFkey-v1.pcu
17688,COC1=[N]=C(C(=O)N=C1)OC.COc1c(ccc(c1OC)C(=O)[O-])C(=O)[O-].[CH3].COc1cc(cc(c1C(=O)[O-])OC)C(=O)[O-].[Zn][Zn] MOFid-v1.pcu.cat0;17688,Zn.LATZXAPBDNFLQU.LRYIGRTYGNAMRR.XZZNMOQLQQVIFN.MOFkey-v1.pcu
17689,COc1c(ccc(c1OC)C#CC(=O)[O-])C#CC(=O)[O-].COc1cc(C#CC(=O)[O-])cc(c1C#CC(=O)[O-])OC.[Zn][Zn].n1ccncc1 MOFid-v1.pcu.cat0;17689,Zn.JHLUVJSETOQYJY.KYQCOXFCLRTKLS.WRKSSUGDOLUCGF.MOFkey-v1.pcu
1769,NC1Cc2c1c(C(=O)[O-])c(c(c2C(=O)[O-])N)N.NC1Cc2c1c(ccc2C(=O)[O-])C(=O)[O-].[O-]C(=O)C#Cc1cc(N)c(cc1N)C#CC(=O)[O-].[Zn][O]([Zn])([Zn])[Zn] MOFid-v1.pcu.cat1;1769,Zn.KVHYJMRIAWDWSM.LDCRKKJWJVSVSC.YMMRCSMGBMMDSS.MOFkey-v1.pcu
17690,COc1c(ccc(c1OC)C#CC(=O)[O-])C#CC(=O)[O-].COc1cc(C#CC(=O)[O-])cc(c1C#CC(=O)[O-])OC.[Zn][Zn].n1ccncc1 MOFid-v1.pcu.cat1;17690,Zn.JHLUVJSETOQYJY.KYQCOXFCLRTKLS.WRKSSUGDOLUCGF.MOFkey-v1.pcu
17691,COc1cc(C#N)c(cc1C#N)OC.COc1cc(C(=O)[O-])c(c(c1C(=O)[O-])OC)OC.COc1cc(C(=O)[O-])c(cc1C(=O)[O-])OC.[Zn][Zn] MOFid-v1.pcu.cat0;17691,Zn.HUNYILZBHFNRCK.PKLOSECFAMYVCD.PXSHXQQBOGFGTK.MOFkey-v1.pcu
17692,COC1=N[CH]C(=N[CH]1)OC.COc1c(C#CC(=O)[O-])c([O])c(c(c1OC)C#CC(=O)[O-])OC.COc1cc(C(=O)[O-])c(c(c1C(=O)[O-])OC)OC.[Zn][Zn] MOFid-v1.pcu.cat0;17692,Zn.BBERXJJYPMNVAI.FARQRCSMLUNFHT.HUNYILZBHFNRCK.MOFkey-v1.pcu
17693,COC1=NC(=O)C(=N[CH]1)OC.[Zn][Zn] MOFid-v1.pcu.cat0;17693,Zn.OJZIMYKMHOYUJG.MOFkey-v1.pcu
17694,CCOc1cc(ccc1C(=O)[O-])C(=O)[O-].CCOc1cnccn1.[O-]C(=O)C#Cc1ccc(cc1)C#CC(=O)[O-].[Zn][Zn] MOFid-v1.pcu.cat0;17694,Zn.ATIUKJHILQVQLE.IUCPZNVTXMASAX.IWFVHBRPBOMFMG.MOFkey-v1.pcu
17695,CCOC1=N[CH]C(=N[CH]1)OCC.CCOc1cc(ccc1C(=O)[O-])C(=O)[O-].[O-]C(=O)C#Cc1ccc(cc1)C#CC(=O)[O-].[Zn][Zn] MOFid-v1.pcu.cat0;17695,Zn.IUCPZNVTXMASAX.IWFVHBRPBOMFMG.SJDFMJZMQLIMDN.MOFkey-v1.pcu
17696,CCOC1=[N]=C(C=N[CH]1)OCC.CCOc1c(ccc(c1OCC)C#CC(=O)[O-])C#CC(=O)[O-].CCOc1cc(cc(c1C(=O)[O-])O[CH2])C(=O)[O-].[Zn][Zn] MOFid-v1.pcu.cat0;17696,Zn.CFBLCPKYQJGSDE.IGZZJXSDNMXWIL.MNIPBZPPHNYRJO.MOFkey-v1.pcu
17697,CCOC1=[N]=C(C=N[CH]1)OCC.CCOc1c(C#CC(=O)[O-])cc(c(c1O[CH2])C#CC(=O)[O-])OCC.CCOc1cc(C(=O)[O-])c(cc1C(=O)[O-])O[CH2].[Zn][Zn] MOFid-v1.pcu.cat0;17697,Zn.DGDOYXGQJRSLBX.IGZZJXSDNMXWIL.QKEQRODNVUWTGW.MOFkey-v1.pcu
17698,CCOC1=[N]=C(C(=N[CH]1)OCC)OCC.CCOc1cc(C#CC(=O)[O-])ccc1C#CC(=O)[O-].[Zn][Zn] MOFid-v1.pcu.cat0;17698,Zn.GBFBKMSPWRNDSX.VQAIMPOVHMXDIQ.MOFkey-v1.pcu
17699,CCCOc1cc(C(=O)[O-])c(cc1C(=O)[O-])OCCC.CCCOc1cnccn1.[Zn][Zn] MOFid-v1.pcu.cat0;17699,Zn.GNMZGUJLGRPVMC.PZYPRFXWTAKZNU.MOFkey-v1.pcu
177,CCCc1cc(c(c(c1[C])CCC)CCC)c1cc(CCC)c(c(c1CCC)CCC)C(=O)[O-].[O].[O].CCCc1cc(cc(c1C(=O)[O-])CCC)C(=O)[O-].CCCc1cc(ccc1C(=O)[O-])C(=O)[O-].[Zn][O]([Zn])([Zn])[Zn] MOFid-v1.pcu,sql.cat0;177,Zn.LUFIXZUUZFYOSS.NAIGRTFQKPRBJX.UQGMWIYMSLUKBK.MOFkey-v1.pcu
1770,[O-]C(=O)C#Cc1ccc(c(c1)c1ccccc1)C#CC(=O)[O-].[O-]C(=O)c1c(c2ccccc2)c(c2ccccc2)c(c2c1C(c1ccccc1)C2(c1ccccc1)c1ccccc1)C(=O)[O-].[O-]C(=O)c1ccc(c2c1C(C2)c1ccccc1)C(=O)[O-].[Zn][O]([Zn])([Zn])[Zn] MOFid-v1.pcu.cat0;1770,Zn.NQUYNAAUIZBCDE.OGTLFWVQQGAOLK.WSFUUUUTSWHNOX.MOFkey-v1.pcu
17700,* MOFid-v1.NA.NAno_mof;17700,NA.MISSING_LINKERS.MOFkey-v1
17701,CCCOC1=NC(=O)C(=N[CH]1)OCCC.[Zn][Zn] MOFid-v1.pcu.cat0;17701,Zn.OGCFXISWRKBFFL.MOFkey-v1.pcu
17702,CCCOC1=[N]=C(C=N[CH]1)OCCC.CCCOc1cc(C#CC(=O)[O-])c(cc1C#CC(=O)[O-])O[CH2].[O-]C(=O)C#Cc1ccc(cc1)C#CC(=O)[O-].[Zn][Zn] MOFid-v1.pcu.cat0;17702,Zn.HHQIWUIXHALHAM.IUCPZNVTXMASAX.PLTAQUCRXVNEKR.MOFkey-v1.pcu
17703,[O-]C(=O)C#Cc1ccc(cc1)C#CC(=O)[O-].[O-]C(=O)c1ccc(cc1)c1ccc(cc1)C(=O)[O-].[Zn][Zn].n1ccc(cc1)c1ccncc1 MOFid-v1.pcu.cat0;17703,Zn.IUCPZNVTXMASAX.MWVTWFVJZLCBMC.NEQFBGHQPUXOFH.MOFkey-v1.pcu
17704,[O-]C(=O)C#Cc1ccc(cc1)C#CC(=O)[O-].[O-]C(=O)c1ccc(cc1)c1ccc(cc1)C(=O)[O-].[Zn][Zn].n1ccc(cc1)c1ccncc1 MOFid-v1.pcu.cat1;17704,Zn.IUCPZNVTXMASAX.MWVTWFVJZLCBMC.NEQFBGHQPUXOFH.MOFkey-v1.pcu
17705,[O-]C(=O)C#Cc1ccc(cc1)C#CC(=O)[O-].[O-]C(=O)c1ccc(cc1)c1ccc(cc1)C(=O)[O-].[Zn][Zn].n1ccc(cc1)c1ccncc1 MOFid-v1.pcu.cat2;17705,Zn.IUCPZNVTXMASAX.MWVTWFVJZLCBMC.NEQFBGHQPUXOFH.MOFkey-v1.pcu
17706,FC1=NC=[C]C(=C1)C1=CC=NC(=[C]1)F.[O-]C(=O)C#Cc1ccc(c(c1)F)C#CC(=O)[O-].[Zn][Zn] MOFid-v1.pcu.cat0;17706,Zn.UWTVIBHYIOGQEU.VFCLBUULJCRYDM.MOFkey-v1.pcu
17707,FC1=NC=[C]C(=C1)C1=CC=NC(=[C]1)F.[O-]C(=O)C#Cc1ccc(c(c1)F)C#CC(=O)[O-].[Zn][Zn] MOFid-v1.pcu.cat1;17707,Zn.UWTVIBHYIOGQEU.VFCLBUULJCRYDM.MOFkey-v1.pcu
17708,FC1=NC=[C]C(=C1)C1=CC=NC(=[C]1)F.FC1=NC=[C]C(=C1)C1=[C]C(=NC=C1)F.[O-]C(=O)C#Cc1ccc(c(c1)F)C#CC(=O)[O-].[Zn][Zn] MOFid-v1.pcu.cat2;17708,Zn.UWTVIBHYIOGQEU.VFCLBUULJCRYDM.MOFkey-v1.pcu
17709,N#Cc1ccc(c(c1)F)C#N.[O-]C(=O)C#Cc1cc(F)c(c(c1F)F)C#CC(=O)[O-].[O-]C(=O)C#Cc1ccc(c(c1)F)C#CC(=O)[O-].[Zn][Zn] MOFid-v1.pcu.cat0;17709,Zn.DULBJBXBNLVFBI.LUFNUHAFHFUVDY.UWTVIBHYIOGQEU.MOFkey-v1.pcu
1771,[O-]C(=O)C#Cc1ccc(c(c1c1ccccc1)c1ccccc1)C#CC(=O)[O-].[O-]C(=O)c1c(c2ccccc2)c(c2ccccc2)c(c2c1CC2)C(=O)[O-].[O-]C(=O)c1c2CC(c2c(cc1c1ccccc1)C(=O)[O-])c1ccccc1.[Zn][O]([Zn])([Zn])[Zn] MOFid-v1.pcu.cat0;1771,Zn.BDFNUTJMCUSLTK.RARGPLXQYFQGQP.ZWEQWVRQUBNWGK.MOFkey-v1.pcu
17710,N#Cc1ccc(c(c1)F)C#N.[O-]C(=O)C#Cc1cc(F)c(c(c1F)F)C#CC(=O)[O-].[O-]C(=O)C#Cc1ccc(c(c1)F)C#CC(=O)[O-].[Zn][Zn] MOFid-v1.pcu.cat1;17710,Zn.DULBJBXBNLVFBI.LUFNUHAFHFUVDY.UWTVIBHYIOGQEU.MOFkey-v1.pcu
17711,N#Cc1ccc(c(c1)F)C#N.[O-]C(=O)C#Cc1cc(F)c(c(c1F)F)C#CC(=O)[O-].[O-]C(=O)C#Cc1ccc(c(c1)F)C#CC(=O)[O-].[Zn][Zn] MOFid-v1.pcu.cat2;17711,Zn.DULBJBXBNLVFBI.LUFNUHAFHFUVDY.UWTVIBHYIOGQEU.MOFkey-v1.pcu
17712,N#Cc1ccc(c(c1)F)C#N.[O-]C(=O)C#Cc1cc(F)c(c(c1F)F)C#CC(=O)[O-].[O-]C(=O)C#Cc1ccc(c(c1)F)C#CC(=O)[O-].[Zn][Zn] MOFid-v1.pcu.cat3;17712,Zn.DULBJBXBNLVFBI.LUFNUHAFHFUVDY.UWTVIBHYIOGQEU.MOFkey-v1.pcu
17713,FC1=CC(=[C]C=N1)C1=[C]C(=NC(=C1)F)F.Fc1cc(cc(c1c1ccc(c(c1)F)C(=O)[O-])F)C(=O)[O-].[O-]C(=O)C#Cc1ccc(c(c1)F)C#CC(=O)[O-].[Zn][Zn] MOFid-v1.pcu.cat0;17713,Zn.SKOWWEVEFXXFED.UWTVIBHYIOGQEU.XIFVYFLYGNHAIO.MOFkey-v1.pcu
17714,FC1=CC(=[C]C=N1)C1=[C]C(=NC(=C1)F)F.Fc1cc(cc(c1c1ccc(c(c1)F)C(=O)[O-])F)C(=O)[O-].[O-]C(=O)C#Cc1ccc(c(c1)F)C#CC(=O)[O-].[Zn][Zn] MOFid-v1.pcu.cat1;17714,Zn.SKOWWEVEFXXFED.UWTVIBHYIOGQEU.XIFVYFLYGNHAIO.MOFkey-v1.pcu
17715,FC1=CC(=[C]C=N1)C1=CC(=NC(=[C]1)F)F.FC1=CC(=[C]C=N1)C1=[C]C(=NC(=C1)F)F.FC1=NC=[C]C(=C1)C1=[C]C(=NC(=C1)F)F.Fc1cc(cc(c1c1ccc(c(c1)F)C(=O)[O-])F)C(=O)[O-].[O-]C(=O)C#Cc1ccc(c(c1)F)C#CC(=O)[O-].[Zn][Zn] MOFid-v1.pcu.cat2;17715,Zn.SKOWWEVEFXXFED.UWTVIBHYIOGQEU.XIFVYFLYGNHAIO.MOFkey-v1.pcu
17716,Fc1cc(C(=O)[O-])c(cc1c1ccc(cc1)C(=O)[O-])F.Fc1nccc(c1)c1cc(F)nc(c1F)F.[O-]C(=O)C#Cc1cc(F)c(c(c1)F)C#CC(=O)[O-].[Zn][Zn] MOFid-v1.pcu.cat0;17716,Zn.OQTMBGKPKNCCHG.VMLRZVBPDXRREG.YFPQXBVKPJMHBV.MOFkey-v1.pcu
17717,Fc1cc(C(=O)[O-])c(cc1c1ccc(cc1)C(=O)[O-])F.Fc1nccc(c1)c1cc(F)nc(c1F)F.[O-]C(=O)C#Cc1cc(F)c(c(c1)F)C#CC(=O)[O-].[Zn][Zn] MOFid-v1.pcu.cat1;17717,Zn.OQTMBGKPKNCCHG.VMLRZVBPDXRREG.YFPQXBVKPJMHBV.MOFkey-v1.pcu
17718,Fc1cc(C(=O)[O-])c(cc1c1ccc(cc1)C(=O)[O-])F.Fc1nccc(c1)c1cc(F)nc(c1F)F.[O-]C(=O)C#Cc1cc(F)c(c(c1)F)C#CC(=O)[O-].[Zn][Zn] MOFid-v1.pcu.cat2;17718,Zn.OQTMBGKPKNCCHG.VMLRZVBPDXRREG.YFPQXBVKPJMHBV.MOFkey-v1.pcu
17719,Fc1cc(ccc1c1cc(F)c(c(c1)F)C(=O)[O-])C(=O)[O-].Fc1ncc(c(c1)c1ccncc1)F.[O-]C(=O)C#Cc1cc(F)c(c(c1F)F)C#CC(=O)[O-].[Zn][Zn] MOFid-v1.pcu.cat0;17719,Zn.JYONKDPEFAXOIF.LUFNUHAFHFUVDY.WQWRQFDSIZGIJX.MOFkey-v1.pcu
1772,[O-]C(=O)C#Cc1c(c2ccccc2)c(c2ccccc2)c(c(c1c1ccccc1)c1ccccc1)C#CC(=O)[O-].[O-]C(=O)C#Cc1ccc(c(c1)c1ccccc1)C#CC(=O)[O-].[O-]C(=O)c1cc(c2ccccc2)c(c2c1CC2c1ccccc1)C(=O)[O-].[Zn][O]([Zn])([Zn])[Zn] MOFid-v1.pcu.cat0;1772,Zn.MEFAWGGHURNZEE.OGTLFWVQQGAOLK.WZKAAVNCFPIXKU.MOFkey-v1.pcu
17720,Fc1cc(ccc1c1cc(F)c(c(c1)F)C(=O)[O-])C(=O)[O-].Fc1ncc(c(c1)c1ccncc1)F.[O-]C(=O)C#Cc1cc(F)c(c(c1F)F)C#CC(=O)[O-].[Zn][Zn] MOFid-v1.pcu.cat1;17720,Zn.JYONKDPEFAXOIF.LUFNUHAFHFUVDY.WQWRQFDSIZGIJX.MOFkey-v1.pcu
